long,lat,substation,height,unit,description,,,,
172.6024054,-43.53896598,Addington,11.5,ADD,,,,,
172.6030619,-43.53885123,AddingtonWarehouse,11.5,ADW,somewherearound...,,,,
170.0989288,-44.57383355,huririElectrode,417.6,BGR,DCgroundarrayatBogRoy.AlsoencodedasBEE.,,,,
170.0989288,-44.57383355,huririElectrode,417.6,BEE,DCgroundarrayatBogRoy.AlsoencodedasBGR.,,,,
175.6513853,-40.9364862,Akura,140,,,,,,
174.6906825,-36.73900122,Albany,28.1,ALB,,,,,
174.7087866,-36.72843766,Albany,40,WAB,somewhereintheWestfieldshoppingmall.,,,,
174.2841391,-39.59206864,AlbionStreet,100,Built1948,toastyleconcealingthepurpose.,,,,
170.8003003,-44.25151811,Albury,345.6,ABY,,,,,
169.3755021,-45.24783189,Alexandra,150,,,,,,
175.8652796,-40.66885934,Alfredton,150,Lurkingwithinthefourwoodenlegsofthetower.,,,,,
172.6957316,-43.53886301,AluminiumDiecastingLimited,5,ALD,nearby.Notmuchofaplacenamecode.ThisisnotArnold,codeARN.,,,
172.6997891,-43.15704819,Amberley,50,,,,,,
170.6297714,-43.17108117,Amethyst,105,AMY,possiblyatorwasnearthedefunctAmethystpowerstation?,,,,
170.5283866,-45.89411962,Anderson'sBay,3,,,,,,
176.7928107,-38.29331609,Aniwhenua,120,ANI,,,,,
171.9693157,-43.35920431,Annat,345,,,,,,
175.9338948,-37.6063793,Aongatete,15,,,,,,
175.380058,-40.07968303,Arahina,140,,,,,,
171.0006528,-42.69039035,Arahura,11,AHA,bythetimbermillatHouhou,NEofHokitika,southoftheArahurariver.,,
175.6429008,-38.07202631,Arapuni,131.8,ARI,ARPorAPIwouldhavebeenbetter.,,,,
176.8981014,-39.66810834,Arataki,35,,,,,,
176.1433516,-38.61570515,Aratiatia,310.4,ARA,ATTmighthavebeenbetter.,,,,
176.2575901,-38.1425823,Arawa,285,,,,,,
175.0242965,-37.04339366,Ardmore,40,WCV,dieselbackupatthewatersupplyfilterstation,southofClevedon.,,,
173.2022238,-41.67086506,Argyle,360,ARG,alsoBRRforBranchRiver.,,,,
172.6411033,-43.52903018,Armagh,20,Entirelyconcealedwithinabuilding.,,,,,
171.4080634,-42.52370365,Arnold,70,ARN,notALDwhichisAluminiumDiecasting!,,,,
175.627912,-38.19218494,Arohena,276.9,ANA,,,,,
168.8330551,-44.94840829,Arrowtown,395,,,,,,
171.568839,-42.94907367,Arthur'sPass,920,APS,,,,,
174.8001482,-36.88795759,AscotAvenue,40,AST,somewherearound.AnotherMansonDevelopment.,,,,
174.8001482,-36.88795759,AscotAvenue,40,MDV,somewherearound.Manson'sDevelopments:possiblyhere.WasassignedtoROS0221,thenreassignedtoPEN1101.Actualfacts(location,connection)remainunknown.,,
171.8017478,-43.94179311,Ashburton,70,ASB,inthefields.,,,,
171.7403038,-43.90725153,Ashburton,95,Bythetown.,,,,,
171.75351,-43.90077834,Ashburton?,100,ASH,aroundabout,butnottheASBsubstationsoutheastofAshburton.,,,
172.6226688,-43.26250402,Ashley,38.2,ASY,,,,,
174.7747725,-41.2843147,AsteronHouse,50,NAH,139TheTerrace(NewZealandAirwaysLimited),,,,
174.7791862,-41.27974373,AsteronHouse,5,PFB,55Featherston/9BunnyStreets(PoloPropertiesLimited)-cornerofFeatherstonandBunnystreets,thustheFBappendedtoP.,,,
171.5410901,-42.31685539,Atarau,70,ATU,,,,,
176.0227057,-38.39283178,Atiamuri,252.1,ATI,,,,,
176.0223511,-38.3939051,Atiamuri,260,ATR,radio,,,,
176.3056354,-37.77964781,Atuaroa,15,,,,,,
174.7903466,-37.0058321,AucklandAirport,10,AKL,somewherearound.,,,,
174.7708971,-36.86081925,AucklandDistrictHospital,70,ADH,somewherenearby.,,,,
170.3543382,-44.65845059,Aviemore,241,AVI,,,,,
172.5572995,-43.51105202,Avonhead,40,ASC,shoppingcentre,somewherenearby.,,,
175.5808306,-40.38621209,Awapuni,25,TOT,somewherenearthelandfillthatsuppliesgas,powertosupplytheadjacentsewargetreatmentplant,TotoroaRoad.,,
175.9365327,-40.93249072,Awatoitoi,95,,,,,,
169.7708482,-46.22771154,Balclutha,98.3,BAL,,,,,
176.1819548,-37.66661105,BallanceAgri-Nutrients,10,BAN,somewherenearby.,,,,
170.4103723,-44.0032821,Balmoral,760,Somewherenearhere?,,,,,
172.0644145,-43.65455394,Bankside,127,Thoughnobankisnearbytobesideof.ItisbySouthTwoChainRoadneartheCarrieantehomesteadoffSharland'sRoad.,,,,,
172.7380696,-43.57064865,BarnetPark,15,,,,,,
174.8364571,-37.14931079,BattyRoad,30,,,,,,
176.2234467,-37.67485033,Bayfair,10,BSC,shoppingcentre,somewherenearby.,,,
173.1856026,-41.33468415,BeachRoad,5,Richmond,,,,,
175.022077,-39.95179693,BeachRoad,5,Wanganui,,,,,
172.6354473,-43.45093044,Belfast,15,BFT,somewherearound.,,,,
174.1651787,-39.04118395,BellBlock,50,BLB,,,,,
170.9514367,-44.89122822,Bell'sPond,55,BPD,possiblysomewherearoundhere.,,,,
170.9514367,-44.89122822,Bell'sPondJunction,55,BPT,"possiblysomewherearoundhere.Calleda""TransmissionTeePoint""insteadofa""TeePointConnection"".",,,,
174.9283049,-41.1906305,Belmont,10,,,,,,
170.1941867,-44.56635998,BenmoreEast,280.7,BEN,,,,,
170.1896296,-44.56550232,BenmoreWest,280.7,BEN,,,,,
170.1021509,-45.94049215,Berwick,3.8,BWK,,,,,
170.927501,-44.98208292,BigHill,318,BGH,radio,,,,
170.7996503,-44.8882321,BlackPoint,110,BPT,appearstobethesubstationfortheirrigationpumpingstation.,,,,
170.7964282,-44.86315502,BlackPointconnection,188.4,BPC,possiblyhere,"presumablyfortheBlackPointsubstation.Alsocalleda""tee""pointconnection.",,,
177.8336251,-39.05678829,Black'sPad,10,Possiblyhere.,,,,,
171.6941273,-42.2415004,Blackwater?,120,BWR,somewherearoundheretheremayhavebeenakinkinthelineforanow-removedoffshoot,perhapsforthegolddredgeofyore.Thevillageisofftotheeast.,,,
173.9325073,-41.49863161,Blenheim,11,BLN,,,,,
175.1188172,-39.93875383,BlinkBonnie,115,,,,,,
168.3038428,-46.58536318,Bluff,3,OceanBeach,,,,,
175.0000788,-37.18868107,Bombay,275,BOB,,,,,
175.003682,-37.18704647,Bombay,331,BOR,radio,,,,
174.9131752,-36.9340953,BotanyTownCentre,30,BTC,somewherearound.ConnectedtoPakuranga33KV.,,,,
174.9131629,-36.93364485,BotanyTownCentre,30,GID,somewherearoundandinvolvingGoode,ofwhichthereareacouple.ConnectedtoOtahuhu22KV.,,,
171.8126466,-43.55474542,Brackendale,292,BKD,possiblyaroundhere.BrackendaleisahomesteadwestoftheintersectionofLeache'sRoad,Sleeman'sRoadandRakaiaTerrace.Longwoodhomesteadismuchclosertotheintersectionandthejunction..,,,
173.204226,-41.66579231,BranchRiver,400,BRR,ArgyleandWairaupowerstationsofthelowerBranchRiver,connectingtotheArgylesubstation,ARG.,,
174.4798764,-35.8490301,BreamBay,9.2,BRB,,,,,
174.4820918,-35.84807003,BreamBay,9,BMB,five1·8MWdieselgeneratorsadjacenttotheBreamBaysubstation.,,,,
174.6143873,-36.86618487,BrickStreet,25,BRI,somewherearound.,,,,
173.0993492,-41.37877425,Brightwater,10,BRW,,,,,
172.7000713,-43.5243834,Bromley,5,CCC,ChristchurchCityCouncilwastewatertreatmentplant.Somewherearound.CCCisalsousedfortheCluthaControlCentre.,,,,
172.6980897,-43.53237978,Bromley,10,BRY,notBrydone=BDE.,,,,
172.6980957,-43.53117371,BromleyNorth,10,BRYn,,,,,
174.7452586,-41.31052166,BrooklynWindTurbine,360,BKL,,,,,
174.7452586,-41.31052166,BrooklynWindTurbine,360,WWT,,,,,
172.276846,-43.70099435,Brookside,38,Nobrookisnearby.OffBuckley'sroad.,,,,,
175.097522,-41.10454247,BrownOwl,100,,,,,,
174.7237653,-36.71665093,Brown'sBay,60,,,,,,
175.7698595,-37.81381091,BrowneStreet,65,PossiblyanewpositionasBrowneStreetistotheNWandmayhavebeentruncatedbytheMatamataCountryLodgedevelopment.,,,,,
168.4402117,-46.15049141,Browns,75,Twopoleswithtwotransformersattheirbaseonasmallplot.PossiblyalsocalledHedgehope.,,,,,
175.0505581,-39.8697997,Brunswick,158.5,BRK,,,,,
168.8417065,-46.22446604,Brydone,50,BDE,notBRY=Bromley.Newlignitebriquetteplanenearby(NW)mayrequireitsownnewsubstation.,,,,
174.4244092,-36.07303196,Brynderwyn,310,BRN,radio,possiblythismast.,,,
175.3842577,-40.16726844,Bulls,60,,,,,,
175.6403291,-40.28074817,Bunnythorpe,66.6,BPE,constructed1925.,,,,
175.6322942,-40.28408585,BunnythorpeNZR,66.6,BPE,appearstobethe25KVsupplytotherailways.,,,,
172.683163,-43.48140479,BurwoodHospital,10,BUR,somewherearound.,,,,
171.6859259,-43.66800909,Cairnbrae,270,CBE,mayhavebeencalledMethven.,,,,
175.4839146,-37.87069777,Cambridge,69.3,CBG,,,,,
174.2316189,-39.36020571,Cardiff,370,,,,,,
171.4372941,-43.98493429,Carew,151,CRW,,,,,
178.0164105,-38.66439202,Carnarvon,5,,,,,,
174.864897,-41.15180538,Carnavon,80,,,,,,
174.087147,-39.08121058,CarringtonStreet,84,CST,,,,,
171.7297299,-43.21345952,CastleHill,680,CLH,,,,,
174.9905336,-39.94290855,Castlecliff,15,,,,,,
176.118028,-38.66467313,CentennialDrive,435,RakaunuiRoad.,,,,,
174.7694787,-41.30059826,CentralPark,60.6,CPK,,,,,
174.8080505,-36.90269654,CentralPark,20,CPP,somewhereinPenroseandnottheCentralParkinWellington.,,,,
168.2989064,-46.05658579,CentreBush,75,HundredLineRoad.,,,,,
175.2800314,-37.78603416,Centreplace,60,KCH,shoppingcentre.PartoftheKiwiIncomePropertyTrust,"thusthe""K"".",,,
175.6556799,-40.95242299,ChapelStreet,115,,,,,,
175.2788201,-37.75067906,Chartwell,40,CWL,somewherearoundtheWestfieldshoppingcentre,ChartwellSquare.,,,
175.2788201,-37.75067906,Chartwell,40,WCW,somewhereintheWestfieldshoppingcentre,Chartwell.,,,
170.6417361,-45.61661654,CherryFarm,5,PossiblycalledMerton.,,,,,
173.2524982,-42.81027315,Cheviot,60,,,,,,
172.542429,-43.49033678,ChristchurchAirport,30,CIA,somewherearound.,,,,
172.5467342,-43.48495326,ChristchurchAirport,30,HAR,Harewoodmaintenancedepot,WairakeiRoad.Thiscodeisalsousedforgenerationat575MemorialAvenuetotheSW.ThereisanactualsubstationfurtherSWcalledHarewoodonGray'sRoad.,,,
172.6265993,-43.53402449,ChristchurchHospital,10,CHH,somewherearound.,,,,
172.5257206,-43.58819823,Christchurchish,18,CHH,somewhereunspecifiedbutprobablythelinedeltaSEofPrebbleton.CalledtheChristchurchTeeanddescribedasaTransmissionLineDeviationPoint.,,,,
176.8463847,-39.52392362,ChurchRoad,15,,,,,,
171.3816667,-44.2112435,Clandeboye,15,Twosubstations,somewhereinthedairyfactory.,,,,
175.5412639,-41.01327474,Clareville,90,,,,,,
170.0606169,-45.71408744,Clarks,530,,,,,,
173.4638416,-42.60633867,Claverley,10,,,,,,
167.4030481,-45.82734232,CleughearnPeak,1578,CGP,radio(presumablyatopthispeak)thatpresumablyuseselectricity,but,wherefrom?Alocalgenerator?,,
169.3970614,-46.20047746,Clinton,130,,,,,,
174.0229423,-41.54167941,CloudyBay,10,CDB,somewhereintheindustrialarea,andnottheCloudyBaywinery.,,,
174.0229423,-41.54167941,CloudyBay,10,IDN,IndevinWineryLimited,somewhereintheCloudyBayBusinessPark,possibly.,,
169.3060456,-45.18075474,CluthaControlCentre,160,CCC,possiblyhere.CCCisalsousedfortheChristchurchCityCouncilwastewatertreatmentplant.,,,,
169.3062215,-45.18039097,Clyde,160,CYD,,,,,
169.5260013,-46.10106398,Clydevale,20,Nearby:googleearth'simagesseemmisplacedwrt.streetviewregistration.,,,,,
172.7324836,-41.08611655,Cobb,224.1,COB,,,,,
171.5384833,-44.07960276,Coldstream,50,CSM,,,,,
171.5268276,-43.36377593,Coleridge,367.9,COL,,,,,
175.5057065,-36.76137138,Coromandel,15,,,,,,
168.7382791,-44.94996336,CoronetPeak,440,Possiblyhere.,,,,,
170.4706323,-45.90536303,Corstophine,120,Corstorphine,,,,,
175.106928,-37.05967316,Cossey,120,WCD,pressurereliefgenerator,presumablyatthebaseofthewaterintakeasatMangatawhiri.,,,
170.5031052,-45.87854783,CrawfordStreet,10,AlsoknownasSouthCity.,,,,,
169.19172,-45.05967688,Cromwell,213.2,CML,,,,,
172.6341876,-43.52707328,CrownePlaza,10,CPL,probablythehotel,somewherenearby.,,,
172.8762138,-42.71864902,Culverden,220,CUL,,,,,
172.8762138,-42.71864902,Culverden,220,CUT,TransmissionTeePoint,exceptthatthereisavoltagechange.,,,
170.5091407,-45.87147321,CumberlandStreet,15,AlsoknownasNorthCity.,,,,,
172.5685476,-43.53811516,Curlett'sRoad,20,,,,,,
172.3954517,-43.30792062,Cust,125,,,,,,
168.7216175,-44.96174012,Dalefield,440,Lonelytransformerwithnogravelgarden.,,,,,
172.6695305,-43.51079882,Dallington,5,,,,,,
176.0308973,-40.19030561,Dannevirke,268.5,DVK,,,,,
172.0836585,-43.50298865,Darfield,192,DFD,,,,,
172.1314693,-43.49066756,Darfield,190,CanterburyClayBricks,somewherenearby.,,,,
173.8787702,-35.933012,Dargaville,15,DAR,,,,,
170.3694036,-45.37757682,Deepdell,460,"Overlookedbya""Transformer""tothenorthwest.",,,,,
174.7664322,-36.84629177,Deloitte,10,MXQ,80QueenStreet,builtandownedbyMultiplex,thustheMX?,,
172.7280426,-43.63478015,DiamondHarbour,140,,,,,,
174.9211786,-41.04108748,Diggings,440,DIG,radio,,,,
171.1947481,-42.65543032,Dillman'sTown,120,DIL,possiblyasubstationassociatedwiththepowerstationissomewherearound.,,,,
171.1947481,-42.65543032,Dillman'sTown,120,DLM,andthisisanothercodeforthesamething.,,,,
168.3528278,-45.88542064,Dipton,130,TheactualvillageisacrosstherivertotheSW.,,,,,
171.3009184,-42.45323572,Dobson,20,DOB,,,,,
168.3602402,-46.40758208,DoonStreet,45,,,,,,
172.0855586,-43.87704924,Dorie,40,DOR,,,,,
174.4816882,-39.29495475,Douglas,240,,,,,,
175.2802546,-37.78765209,DowntownAnnex,60,KDA,somewherearound.PartoftheKiwiIncomePropertyTrust,"thusthe""K"".",,,
175.2802546,-37.78765209,DowntownPlaza,60,KDH,somewherearound.PartoftheKiwiIncomePropertyTrust,"thusthe""K"".",,,
172.5240846,-43.5439527,DressSmart,25,DSH,atHornby,somewherearound.,,,
174.7861833,-36.92077309,DressSmart,20,DSO,atOnehunga,somewherenearby.,,,
174.8250933,-41.18274821,DressSmart,40,DST,atTawa,somewherenearby.,,,
174.9632826,-37.08683233,Drury,25,DRY,actuallyatOpaheke,,,,
171.2057007,-42.72988464,Duffers,180,DFS,possiblyasubstationassociatedwiththepowerstationissomewherearound.,,,,
172.1154001,-43.6906908,Dunsandel,93,ClosertoBanksidethantoDunsandel,,,,,
172.9324321,-43.74903321,Duvauchelle,10,,,,,,
170.354167,-45.88644832,EastTaieri,30,,,,,,
172.6750993,-43.53331634,Eastgate,5,ESC,shoppingcentre,somewherearound.,,,
168.778236,-46.31144765,Edendale,38.8,EDN,,,,,
176.8294068,-37.98677511,Edgecumbe,8.6,EDG,,,,,
174.1272114,-39.04703072,EgmontRoad,35,,,,,,
171.7160453,-44.04137544,Eiffelton,37,EFN,,,,,
175.688386,-40.65271989,Eketahuna,235,PossiblycalledParkville.,,,,,
173.7563015,-41.05680497,ElaineBay,130,,,,,,
169.9574646,-46.11927307,ElderleeStreet,15,,,,,,
175.7582525,-37.82123789,Eldonwood,65,ELD,somewherearound.,,,,
171.8017246,-43.94296303,Elgin,70,EGN,,,,,
174.3091599,-39.42954988,ElthamEast,210,,,,,,
174.289082,-39.41545854,ElthamNorth,210,,,,,,
172.8873742,-42.64311324,EmuPlains,245,EMU,radio,,,,
170.8706715,-45.04241381,Enfield,50,EFD,somewherearound.,,,,
174.7784536,-41.29240902,ESDPower,5,EDA,15-21DixonStreet:CrombieLockwoodBuilding.,,,,
174.7763722,-41.29050459,ESDPower,5,EMA,57-59Manner'sStreet:Gen-IPlaza,previouslyRockshop.,,,
174.7751591,-41.28980268,ESDPower,5,EMB,44-50Manner'sStreet:I-Centre,previouslyBNZ.,,,
174.7823391,-41.27271522,ESDPower,5,EQV,163ThorndonQuay:QVHouse.,,,,
174.7814536,-41.29294832,ESDPower,5,ETA,58ToryStreet,somewhere.,,,
174.7768,-41.28644514,ESDPower,5,EVA,Victoria/WillestonStreets/CustomhouseQuay:SovereignHouse.,,,,
169.3744628,-45.64015438,Ettrick,85,,,,,,
174.8025671,-41.31915441,Evan'sBay,5,,,,,,
172.3548663,-43.42174789,Eyrewell,120,EYR,"geomagneticobservatory.The""absolute""houseisthelocationforcalibration",thefieldvariationinstrumentsarepartiallyburiedatthetwodotsNNW,andsomeoftheelectronicsareinthebuildingNEshadowedbythetrees..,,
170.8400275,-44.10377335,Fairlie,290,,,,,,
171.8066553,-43.87293873,Fairton,108,FTN,freezingworks.,,,,
169.9024998,-44.87333428,FallsDam,540,FDG,,,,,
174.7603514,-36.8453103,FanshaweStreet,5,FSH,7-9.CalledMicrosoftHouse,atleastforawhile,,,
175.6314076,-37.61550827,Farmer'sRoad,22,,,,,,
175.335919,-41.1241892,Featherston,30,,,,,,
175.5739239,-40.23158563,Feilding,65,,,,,,
170.0958875,-45.03927058,FennessyRoad,585,,,,,,
176.7625371,-39.59932246,Fernhill,26,FHL,,,,,
168.637631,-45.03593037,Fernhill,460,,,,,,
176.3169634,-38.42216406,Fernleaf,320,Mainlytosupplythedairyfactory.,,,,,
174.2018479,-41.30977494,FightingBay,5,FTB,CookStraitCableterminus.,,,,
174.1966675,-41.30141734,FightingBay,365,FTR,radio,,,,
169.7388328,-46.27246236,Finegand,15,,,,,,
175.1994139,-37.28166888,FinlaysonRoad,15,Somewherearound.,,,,,
174.8752282,-36.93836648,Flagship,10,FLG,"possiblythenew""flagship""Cottonsoftfactory(openedbythemayorofManukau)",126KerwynAvenue,HighbrookBusinessPark,EastTamakiandnotManukau,thoughManukauismuchclosertotheWirisubstation.
176.7889475,-39.61634239,Flaxmere,20,,,,,,
176.5579026,-38.63423375,Flaxy,500,FLX,thencedowntoWheao.,,,,
176.1008425,-38.69066661,FleetStreet,435,Somewherenearby.,,,,,
175.6113575,-40.3575473,FMGHouse,15,CFM,Farmer'sMutualGroupfinancialservices,57-68TheSquare(CBRE),,,
175.1054277,-40.84889505,ForestHeights,560,FOR,radio,,,,
176.2651322,-38.16170517,ForestResearchInstitute,303,FRI,nowownedbyScion.Possiblynearhere.,,,,
173.2962588,-41.26023954,Founder'sPark,3,FND,possiblyhere.,,,,
169.982497,-43.44118245,Fox,120,FOX,possiblyatransformerwithinthepowerhut...,,,,
168.7402426,-45.01041153,Frankton,370,FKN,,,,,
168.7406974,-45.01096891,Frankton,370,FKN,possiblyforthelocalnetworkdespitethebiggerbits.,,,,
170.1812315,-43.37496837,FranzJoseph,25,FRZ,,,,,
169.3021546,-45.20598929,Fraser,180,FSR,,,,,
177.4093559,-38.96845454,Frasertown?,20,FTN,somewhereabout,,,,
175.1486081,-38.32288929,GadsbyRoad,60,,,,,,
172.6410998,-43.69838305,Gebbie'sPass,250,CWT,ChristchurchWindTurbine.,,,,
171.2261061,-44.0923037,Geraldine,185,GDE,,,,,
174.7773,-41.29391279,GhuzneeStreet,10,,,,,,
171.8322493,-42.04065765,Gile'sCreek,150,GCK,"possiblynearthemouthofGile'sCreekexceptthatthereisnotransmissionlineexceptacrosstheInangahuariverandithasno""tee""insight",andReeftonsubstationistothesouth.,,,
178.0260129,-38.64410676,Gisborne,18,GIS,,,,,
175.6673545,-41.06726335,Gladstone,90,PossiblyassociatedwiththeKourarauhydropowerstations,andnotonGladstoneRoad.,,,,
171.1087027,-44.91924202,Glenavy,23,GNY,appearsinasatelliteimageof2007tobeanex-substation.Itwasbuiltin1929tosupplytheWaitakiconstructionsitewithpowerfromLakeColeridge.,,,,
174.7312924,-37.20305436,Glenbrook,40,GLN,steelmill,plussupplytoFranklin.CodeNZSforN.Z.Steelalsoappears.,,,
174.7223892,-36.7822967,Glenfield,80,WGF,somewhereintheWestfieldshoppingcentre.,,,,
168.8496629,-46.40008919,Glenham,75,PollockRoad,,,,,
168.4276658,-44.76605141,Glenorchy,380,GCY,,,,,
169.8901317,-46.11475191,Glenore,10,,,,,,
171.8954128,-42.16457561,Globe,540,Goldmine.,,,,,
170.4512046,-45.37639733,GoldenPoint,495,TemporarysubstationfortheMacrae'sGoldMine.Somewherearound.,,,,,
168.9114429,-46.11496123,Gore,73.2,GOR,,,,,
168.9038776,-46.13019434,Gore,70,GOT,somewherearoundisaproposedjunctionforthisnewcode,tobeconstructedin2013.,,,
168.7030562,-46.4775883,GorgeRoad,18,,,,,,
174.9169522,-41.24026637,Gracefield,3.5,GFD,,,,,
174.7659782,-36.86145921,Grafton,60,,,,,,
174.7624183,-36.84500592,GrandChancellor,5,HBS,hotel,1HobsonStreet.,,,
174.7750551,-41.28372494,GrandPlimmerTower,10,CGP,2-6GilmerTerrace/92-94BoulcottStreet,notCleughearnPeak.(CBRE),,,
171.2342244,-44.3862094,GrasmereStreet,18,,,,,,
170.4405419,-45.89976523,GreenIsland,30,,,,,,
172.102777,-43.59621489,Greendale,122,,,,,,
174.896226,-36.9363321,Greenmount,20,GMT,somewhereabouttherubbishdump.,,,,
176.1348459,-37.72735515,GreertonRoad,25,GRE,somewherearound,fortheTuihanasubdivision.,,,
171.2141938,-42.45491024,Greymouth,60,GYM,onahilloverlookingthetown.,,,,
175.4372642,-41.11825462,Greytown,47.1,GYT,inthefieldssouthwestofthetown,byMorrison'sBush..,,,
171.5233967,-43.83141071,Hackthorne,213,HTH,,,,,
176.1635181,-37.73389971,Hairini,20,HAI,meetingplacessouthofTauranga.PossiblynowKaitemakosubstation,2008,,,
170.4993303,-44.00904842,Haldon-Lillybank,745,Nolillies,butplentyoffoxgloves.,,,,
174.9000037,-36.88141932,HalfMoonBay,5,HMB,somewherearound.NottheHalfmoonBayofStewartIsland,farawayfromPakuranga.,,,
170.475407,-45.85452176,HalfwayBushNorth,240,HWBn,,,,,
170.475376,-45.85524114,HalfwayBushSouth,240,HWB,,,,,
172.5819415,-43.5786497,Halswell,12,HAL,,,,,
175.3049177,-37.77952505,Hamilton,40,HAM,,,,,
175.2660096,-37.7966879,HamiltonNZR,35,HAM,appearstobethe25KVsupplytotherailways.,,,,
176.164433,-37.68320086,HamiltonStreet,5,,,,,,
175.1777087,-38.25143523,Hangatiki,37.3,HTI,,,,,
175.4534814,-37.56742897,Hangawera,280,HNG,radio,,,,
174.7575353,-36.84481577,Harbour,5,KCA,somewherearoundCompaqHouse,renamedPenrodHouse,22ViaductHarbourAvenue.PreviouslyapartoftheKiwiIncomePropertyTrust,"thusthe""K"".",
174.7756103,-41.28439191,Harcourt'sBuilding,5,PHB,28GreyStreet(PoloPropertiesLimited),,,,
172.5324532,-43.49343799,Harewood,35,HAR,HereonGray'sRoadthereisasubstationbutnolocalgeneration.,,,,
170.551809,-43.14439895,Harihari,42.3,HHI,,,,,
174.0537995,-35.28289081,HaruruFalls,40,possiblyhere,,,,,
175.0577536,-39.93230125,Hatrick'sWharf,10,Rivercrossing.,,,,,
175.4883207,-41.36167355,HauNui,340,HAU,windfarmcollection,supplyingthe11KVand33KVlocalnetworks.,,,
176.8752617,-39.66936531,HavelockNorth,11,,,,,,
173.2784637,-41.27110719,HavenRoad,5,HVN,alsocalledHastingsStreet.,,,,
174.3100731,-39.56649807,Hawera,108.9,HWA,actuallynexttoTawhiti.,,,,
172.5497638,-43.50994268,Hawthornden,25,OffHawthorndenRoadinAvonhead,,,,,
174.9811818,-41.14996259,HaywardsHill,108,HAY,220/110KVswitchyardA,,,,
174.9826488,-41.15119845,HaywardsHillEast,108,HAYe,220KVswitchyardB,,,,
174.9802614,-41.15105919,HaywardsHillSouth,108,HAYs,220KVswitchyardD,,,,
172.6954013,-43.56788892,Heathcote,5,,,,,,
168.1404342,-46.06209594,HeddonBush,90,HDB,offHundredLineRoad.,,,,
174.6326326,-36.88109266,Henderson,10,WWC,"Westfieldshoppingcentre(""WestCity"")",somewherearound.,,,
174.6175211,-36.84162282,Henderson,40,HEN,Main.,,,,
174.6177646,-36.84053759,HendersonNorth,40,HENn,,,,,
174.6602969,-36.88611774,HepburnRoad,16,HEP,,,,,
174.6599648,-36.88630317,HepburnRoad,16,HEP,possiblynearhere.AssociatedwithUnitedNetworks,butthereisalsomentionofWELwhichisoddasthatisWaikatoElectricityLimited,ratherfaraway.,,
167.7179086,-45.40215122,HeritageEstate,205,HST,somewhereinthissubdivision.,,,,
167.7179086,-45.40215122,HeritageEstate,205,HER,somewhereinthissubdivision.,,,,
172.5056086,-43.5487804,HickoryPlace,33,FHP,FoodstuffsLimitedwarehouse,possiblythisone.,,,
171.7357347,-43.57304592,Highbank,239.7,HBK,becamebidirectionalinDecember2010withtheinstallationofapumpingstationthatreversestheflow:fromtheRakaiariverupthehighbankforirrigation.,,,,
174.7248382,-36.81082827,Highbury,90,HGH,shoppingcentre,HighburyBypass/BirkenheadAvenue,,,
172.2326894,-43.55952777,Highfield,121,,,,,,
173.9148853,-35.53942759,Hikurangi,632,HKI,radio,,,,
167.7955463,-45.52259989,Hillside,270,,,,,,
170.1952925,-45.73957781,Hindon,425,,,,,,
171.5915366,-43.99042316,Hinds,84,HDS,Lynnefordroad,,,,
176.0524614,-38.86401381,Hinemaiaia,380,HMA,possiblyhereforthetransformer.Therearethreepowerstations.,,,,
175.7654198,-37.91977896,Hinuera,85.6,HIN,,,,,
175.7959617,-38.97790398,Hirangi,355,Possiblyhere,perchedupapairofconcretepoles,oradjacenttothesewageworkstotheNW.,,,
174.7621484,-36.84541595,Hobson,10,,,,,,
170.9829413,-42.72482341,Hokitika,5,HKK,,,,,
170.9829413,-42.72482341,HokitikaDiesel,5,HKD,generatorinsidethesubstationgrounds.,,,,
172.6054331,-43.56631147,HoonHay,15,Possiblyhere.,,,,,
172.5134534,-43.54887678,Hornby,31,HBY,muchreducedfromtheopenstyle.TherearethreelinesfromIslingtondeclared,buttheirroutesareunclearastheyappearonlyschematicallywithapproximatelocationsforthesubstations,,,
171.9811205,-43.545559,Hororata,177,HOR,,,,,
175.1928927,-37.70049621,Horotiu,25,,,,,,
169.4931825,-45.54107485,HorseshoeBend,500,HSB,,,,,
176.8637794,-39.50400247,HouseRoad,5,,,,,,
174.9129689,-36.89389918,Howick,30,,,,,,
174.7755276,-41.28353757,HSBCBuilding,5,PHS,195LambtonQuay(PoloPropertiesLimited),,,,
174.5412811,-36.76056507,Huapai,30,HPI,,,,,
174.2366696,-39.04315227,Huirangi,72.6,HUI,,,,,
174.6277438,-36.89730023,HulmePlace,50,HUL,apartmentcollective?,,,,
171.2397616,-44.39856245,HuntStreet,20,,,,,,
174.9051679,-36.93279469,HuntingdonPark,20,HPD,somewherearoundhere.,,,,
175.1518066,-37.54204112,Huntly,10,HLY,,,,,
175.2969125,-37.47929469,HuntlyEast,50,HLE,notthenewerpowerstationsbutaproposedjunctionbyOhinewaithoughnearerWaiterimu.,,,,
170.2612565,-45.29994352,Hyde,315,,,,,,
171.9533784,-41.85631798,Inangahua,66.6,IGH,,,,,
174.2208817,-39.15964113,Inglewood,190,,,,,,
168.3930861,-46.39257896,Invercargill,25,INV,,,,,
168.3587189,-46.43973722,InvercargillHospital,10,KEW,somewherenearby.,,,,
174.8200947,-41.3235546,IraStreet,15,,,,,,
176.8035991,-39.6479983,Irongate,15,,,,,,
172.5118076,-43.53650265,Islington,30,ISL,,,,,
172.5125546,-43.53901705,Islington,30,,,,,,
176.4095948,-38.81436407,Iwitahi,803,IWH,RadioNewZealand,possiblyatransmitterwithitsowngenerator,possiblyatopOtukotarawhichissurroundedbyMateaRoad,butisclosertoRangitaikithanIwitahi.,
174.9317432,-36.96193201,Jeff'sRoad,45,JEF,somewherearound.,,,,
174.9441765,-41.11127444,Judgeford,60,JFD,justsomewherethereaboutthataway.Aconnectiondelta.,,,,
175.8388262,-38.44718646,Kaahu,285,KHU,somewherearoundhere,possiblyatwhatappearstobealinejunction.,,,
174.9255091,-39.84635482,KaiIwi,30,Letushopethattheiwiate,ratherthantheiwiwereeaten.,,,,
172.6379354,-43.3815857,Kaiapoi,4,KAI,,,,,
173.8103928,-35.39615785,Kaikohe,196.7,KOE,,,,,
173.8101666,-35.3957002,Kaikohe,196,KOT,"describedas""TEE""andprexumablysomewherearoundhere",exceptthatthereisnoapparentT-junctionandthelinetoKaitaiain2012hasbeendeclarednot-grid.,,,
173.8099405,-35.39525157,Kaikohe,197,KOE,,,,,
173.668312,-42.40016595,Kaikoura,15.5,KKA,,,,,
176.0542129,-37.77783303,Kaimai,30,KMI,(alsocodeRHI?)somepowerstationintheKaimaiarea,possiblyRuahihi,ormaybejusttheapproximatelocationoftheKaimaicollective.,,
176.2350971,-38.58535872,Kaimanawa,532,KMA,radio,,,,
175.6591566,-36.86892862,Kaimarama,15,KMR,somewherearound,possiblyabandoned.,,,
175.5510539,-40.36534093,Kairanga,15,Subsationonthetopographicmap.High-voltagegriddersmaycallthisLongburnbuttheLongburnmeatworksandfactoryistotheSSWwithitssubstationcalledLongburnmuchclosertoLongburn.,,,,,
173.3358444,-35.12113255,Kaitaia,35,KTA,actuallynexttoRangitihi.,,,,
173.2689218,-35.12762529,Kaitaia,90,Okahuroad,nearKaitakaPa.,,,,
169.8432546,-46.28470801,Kaitangata,5,,,,,,
177.1314569,-38.80343846,Kaitawa,450,KTW,,,,,
176.1688903,-37.73978941,Kaitemako,45,KMO,westofKaitemakoroadpasttheKaitemakostream,but,sometimesmisspeltasKaitimako.,,
174.4498354,-36.15933586,Kaiwaka,40,,,,,,
174.7906235,-41.25907763,Kaiwharawhara,3,KWA,,,,,
174.7937359,-41.25766045,KaiwharawharaNZR,3,KWANZR,,,,,
174.785482,-41.27635945,KaiwharawharaTerminalOne,5,KOW,"presumablysomewherearoundthecontainerterminal.With""TERONE""thereismentionof""TERTWO"".",,,,
171.0693841,-42.76643818,KaniereForks,50,KNF,withMcKay'screekneartothenorthwest.,,,,
174.1507305,-39.42773915,Kaponga,270,KPA,suppliesKapongaandsurrounds.NotKPOforKarapiro.,,,,
174.1506652,-39.42731641,Kaponga,270,KPA,junction,possiblyhere.,,,
174.1716696,-39.47720493,Kapuni,160,KPI,twosubstations,withaconnectiontothe110KVStratford/OpunakelineviaKaponga.,,,
174.1306601,-39.480782,Kapuni,160,KPI,radio,possiblydefunct-orelsewhereforsomethingelse.,,,
175.5374401,-37.92435548,Karapiro,69.9,KPO,notKPAforKaponga.,,,,
175.9183928,-37.56572646,Katikati,10,,,,,,
174.7794236,-41.23326657,Kaukau,445,KAU,radio,,,,
175.918899,-37.5137004,KauriPoint,15,,,,,,
174.0628385,-35.39257255,Kawakawa,80,,,,,,
176.7269801,-38.06287629,Kawerau,20,KAG,thelarger100MWpowerstation,notassociatedwiththenearbytimbermillandcodeKAW.Somewherenearby.,,,
176.7269801,-38.06287629,Kawerau,20,PTK,thenamePutauakimightbeusedforthe100MWpowerstation,assomesteamfromlandcontrolledbythePutauakiTrustisused.,,,
176.7224707,-38.07691224,Kawerau,40,KAW,notKAWforKawhakaintheSouthIsland.,,,,
176.7205591,-38.07309725,Kawerau,40,TSP,theTasmanPulpandPaperplant,somewhereinalargesitewithmixedownership,,,
176.7233298,-38.07589204,KawerauNorth,40,KAWn,,,,,
171.1686316,-42.72833866,Kawhaka,131,KAW,notKAWforKawerauintheNorthIsland.Ajunction;nosignofasubstation.Thejunction'slines(positionsaspresented)areoddaswell.,,,,
171.1686316,-42.72833866,Kawhaka,131,KHA,junction,orpossiblyKAW(thoughnotKawerau)butwhateverthecode,in2008thereisnosignofanactualsubstationanywherenearby.Thereishoweverajunction,thoughitscomponentswereinterconnectedoddly.,
175.2781293,-40.59994997,KawiuRoad,45,,,,,,
175.644035,-40.3411419,KeithStreet,40,,,,,,
175.6521128,-40.32016901,KelvinGrove,65,,,,,,
175.4487421,-41.09106135,Kempton,55,MoroaPlainRoadseemstobealsoBidwillsCuttingRoad,whileKemptonStreetandKempton'sLineareashortwayaway.,,,,
174.3111975,-35.70282057,Kensington,50,KEN,,,,,
175.552671,-37.2983314,Kerepehi,5,KPE,,,,,
173.9521908,-35.22478053,KerikeriRetirementVillage,70,EKV,RuataraDrive,possiblynearhere.(EDCLimited),,,
174.8017938,-41.24854681,Khandallah,140,KHD,abandoned1995andconvertedtohousing.,,,,
172.873799,-41.67339678,Kikiwa,485,KIK,,,,,
175.8942556,-38.92992063,KikoRoad,370,,,,,,
172.1725317,-43.71744204,Killinchy,67,,,,,,
175.7789583,-40.06540815,Kimbolton,444,,,,,,
174.7454138,-36.87106163,Kingsland?,30,KLD,somewherearound.,,,,
175.8830626,-38.27244105,Kinleith,382.4,KIN,,,,,
174.8608515,-36.99269501,Kirkdale,20,KIR,somewhereinManurewa,associatedwithTakanini33KV.,,,
174.8081653,-37.35501334,Klondyke,408,KLN,radio,,,,
171.3874576,-42.49694217,Kokiri,100,KKI,possiblysomewherearound.,,,,
172.0890006,-41.31989852,Kongahu,5,KON,,,,,
175.6015036,-37.19169135,Kopu,56.1,KPU,,,,,
170.1333825,-45.92674358,Korimako,15,AcrosstheroadfromtwoofthethreeWaipori-Dunedinlines,withcrosslinksforallthree.,,,,
174.8599239,-41.22362461,Korokoro,5,Bytheroadside,almostundertheflyover.,,,,
175.6829698,-41.0669479,Kourarau,90,KOU,longundegroundpipelinefromtheupperpowerstationanddamabovethat.,,,,
171.1953284,-42.63554128,Kumara,38,KUM,,,,,
174.844987,-39.780518,Kuranui,322,KNI,radio,,,,
175.7346377,-38.87908948,Kuratau,420,KUR,,,,,
170.4836155,-44.74991122,Kurow,200,OTT,unknowngeneration(probablyrelatedtoanirrigationcanal);somewherearoundhereisasiphonwhichmayberelevant.CodeOTTisalsousedfortheOtemetataoffice(Waitakigroup)butthatiswellupstream,pastthenearbyWaitakidam.TheConnectionNamesscheduleusesOTT0011foranentrygiventhelocationofKurow.,,,
170.1955848,-45.11710913,Kyeburn,470,Perchedonaplatform.,,,,,
171.6199297,-43.88058423,Lagmhor,140,LGM,,,,,
175.7657253,-37.92031234,LakeRoad,85,,,,,,
175.7955594,-38.36438246,LakesidePumps,200,,,,,,
172.6534036,-43.54139874,LancasterPark,20,Somewherearoundtheplayingfield.,,,,,
172.4085726,-43.57987169,Larcomb,51,OnWeedon'sRoad.Larcomb'sRoadistotheeast.,,,,,
171.7757158,-43.73228084,Lauriston,203,LSN,,,,,
169.7084298,-45.92424257,Lawrence,140,,,,,,
173.8594567,-39.45862815,LayardStreet,20,,,,,,
172.2822804,-43.78207982,Leeston,21,LSN,possiblyknownasHill'sRoad,thoughnogeographichillsarenearby.,,,
175.2797962,-40.64023234,Levin,15,ByWeraroa.,,,,,
175.8038301,-38.09678751,LichfieldJunction,200,LFT,transmissionT-point.Theremayhavebeentwo,butnowtherearenoconnections.,,,
175.8241389,-38.13369244,LichfieldLCH,233,LCH,,,,,
175.8241977,-38.13373604,LichfieldLFD,233,LFD,nearbyisalargedairyfactory,"sopossibly""LichFieldDairy"".",,,
175.8241238,-38.13360266,LichfieldMES,233,MES,byalargedairyfactorysouthofPutaruru,onWoodRoad.TheotherwiseunusedcodeMESmaybeduetoahiccoughinBruce'sproductionofascheduleofsubstationlocationsviahisprog.inspectingafileofferingtransmissionlinepolepositions,withmiscodingsandotherhiccoughs.,,
175.8156754,-38.14179314,LichfieldRepeater,275,LFR,radio,,,,
168.382916,-46.42509169,LimeStreet,15,AlsoknownasSouthern.,,,,,
172.4873891,-43.63470314,Lincoln,12,,,,,,
175.6313614,-40.41046925,Linton,91,LTN,,,,,
171.449167,-43.86496094,Lismore,222,LSR,,,,,
172.8024808,-43.75838324,LittleRiver,20,NearCooptown.,,,,,
174.7635472,-36.85629872,LiverpoolStreet?,30,LST,apparentlytheAucklandone.Somewherenearby.,,,,
170.6364668,-44.93300573,Livingstone,305.8,LIV,PrydesGullyroad.,,,,
171.5485742,-42.24017899,LogburnRoad,205,LGN,onthewaytothePikeRivercoalmine.,,,,
175.5422761,-40.39213301,Longburn,15,LBN,buthigh-voltagegriddersmayusethisnamefortheKairangasubstationtotheNNE.,,,,
173.6716905,-42.40032668,LudstoneRoad,15,,,,,,
168.4542222,-45.7425827,Lumsden,200,Lumdsen,,,,,
176.0274374,-37.65258454,LynleyPark,30,LYN,somewherearound.,,,,
170.428971,-45.35908202,Macrae'sMine,450,Temporarysubstation,somewherearound.,,,,
169.8817278,-45.76489357,Mahinerangi,735,MAH,bythewindfarm.TheDeepStreamhydropowerstationstagontothetransmissionlinetothefirstWaiporidamandthencetotheWaiporisubstation.,,,,
174.7885232,-38.60175056,Mahoenui,55,,,,,,
175.067083,-41.12889645,Maidstone,70,,,,,,
175.6163055,-40.35423637,MainStreet,40,BuiltbythePalmerstonNorthCityCouncilin1931.,,,,,
175.6324768,-40.34640738,MainStreet?,40,Thisisat829Mainstreetasindicatedbyhttp://archivescentral.org.nz/palmerston_north_cc/topics/show/44142-829-main-st-substation-sitebutitlookslikeagaragetome.,,,,,
174.7745856,-41.28846051,MajesticCentre,10,KMW,100WillisStreet.PartoftheKiwiIncomePropertyTrust,"thusthe""K"".",,,
174.7040116,-41.28644967,MakaraHill,322.3,MHT,junctionfortheMakarawindfarm,possiblyhere.,,,
174.6901385,-41.28976916,MakaraSouth,20,SMK,apparentlyaconnectiontosomething.Bike-ridingcolleagueshaveyettobestirthemselvestogoandsee.,,,,
174.6787269,-41.27071576,MakaraWindFarm,340,WWD,"byWhiteRockHillisthesubstationforthemultiplewindturbinesaroundhere.NottheWWDofWairoa""Watercare""dam.",,,,
168.3221612,-46.30295017,Makarewa,15,Freezingworksacrosstheroad,East.,,,,
167.2774979,-45.5208505,Manapouri,243,MAN,justabovethelake,notthesubsurfacepowercavernthatisalmostatsealevel.,,,
175.4488976,-40.57659344,Mangahao,108.3,MHO,connectionfromthepowerstationswitchyardtothegrid.,,,,
175.450114,-40.57592793,Mangahao,80,MHO,,,,,
174.3360013,-39.09704654,Mangahewa,115,MKE,"100MWgasturbinetobeactivein2012somewherenearheresouthoftheMcKee""productionstation""withitslocalgenerators.",,,,
174.1188851,-39.1051625,Mangamahoe,70,MGR,ontheWaiwhakaihoriver,pipelinefromlakeMangamahoe.TheMangoreistreamjoinswelldownriver.,,,
175.7518549,-40.5172757,Mangamaire,154.2,MGM,,,,,
175.8152668,-40.45071041,Mangamutu,180,,,,,,
175.3132501,-38.45331573,Mangaokewa?,280,MKA,somewherearound.Unlocatedsubstation,unmarkedonthetopographicmap.,,,
175.6645741,-39.88838181,Mangaonoho,250,MNO,,,,,
176.042091,-37.82083579,MangapapaLower,100,MPA,ontheterraceabovethepowerstationinthegully.,,,,
176.0504428,-37.84369067,MangapapaUpper,120,LMD,theLloydMandenopowerstation.,,,,
175.2333174,-38.47868838,Mangapehi,170,MPH,,,,,
175.8655855,-40.42246749,Mangatainoka,90,TuiTuiTui,drinkup!,,,,
175.2099545,-37.1133444,Mangatangi,140,MGT,pressure-reductiongeneratorwithinthepipeline.Mostpowergoestoruncompressorstopumpairintothereservoir;anoxicwaterencouragesthedissolutionofphosphorusandnitrogencontainingcompoundsthatdiffuseintohigherlayerstopromotecyanobacterialbloomsandconsequenttoxicity.,,,,
175.1529457,-37.08586194,Mangatawhiri,140,MWR,apressure-reductiongeneratoratthebaseofthewaterintaketower.,,,,
174.8276122,-36.96278109,Mangere,16.7,MNG,,,,,
174.827265,-36.95045698,Mangere,5,PSL,PacificSteel,somewherenearby.,,,
174.7765447,-36.96509686,Mangere,5,WMR,sewagetreatmentworks,somewherearound.,,,
174.8027875,-36.97002272,Mangere,10,,,,,,
174.8820564,-36.99151619,Manukau,20,WDT,"somewherearoundintheWestfield""Downtown""shoppingcentre",connectedtoPenrose.,,,
174.8820564,-36.99151619,Manukau,20,WFL,"somewherearoundintheWestfield""Downtown""shoppingcentre",connectedtoWiri.,,,
176.6244402,-39.65098259,Maraekakaho,70,,,,,,
175.7415954,-38.35038325,Maraetai,160,MTI,,,,,
175.744241,-38.35274383,Maraetai,235.6,MTI,,,,,
175.74427,-38.35523122,Maraetai,250,MTS,50KV,,,,
174.2917696,-36.03684596,Mareretu,40,MAR,somewherearound,ifnotdefunct.,,,
174.8014948,-38.30211778,Marokopa,20,MRK,notneartheMarokopawaterfallbutontheRarotaikostream.,,,,
175.8218933,-38.54893857,Marotiri,488.3,MRR,,,,,
174.4669454,-35.87586589,Marsden,10,MDN,deconstructedpowerstationsAandBarenearby.,,,,
176.0935274,-38.71894905,MarshallAvenue,400,,,,,,
175.4527812,-41.21110129,Martinborough,25,,,,,,
175.3606179,-40.1027914,Marton,138,MTN,,,,,
175.6114683,-40.97729201,Masterton,115.9,MST,inthefields.PossiblyalsoknownasNorfolkRoadeventhoughitissouthofwhereNorfolkRoadmightbecomeCornwallRoad.TheMastertonsubstation(thesameplace)isoffCornwallRoad...,,,,
176.8145983,-38.1134318,Matahina,20.6,MAT,,,,,
176.8181282,-38.11178902,MatahinaLookout,88,MAL,radio,,,,
176.818133,-38.11187904,MatahinaReconstruction,88,MAO,projectOffice.,,,,
175.7019096,-39.65790671,MataroaMRA,546.9,MRA,notMTRbutthesameplace!NotMoturoaMRAeither.,,,,
175.7019096,-39.65790671,MataroaMTR,546.9,MTR,notMRAbutthesameplace!NotMoturoaMRAeither.,,,,
175.5944631,-37.19790576,Matatoki,15,,,,,,
168.8704666,-46.19105816,Mataura,140,MTA,somewherenearby.ThefrozenMeatCompanyonthewestside,thePaperMillontheeastside.,,,
177.5332613,-38.35871082,Matawai,630,,,,,,
177.9587191,-38.67113757,Matawhero,7,ByMcDonaldRoadandatimbermill.,,,,,
176.1349112,-37.66725847,Matua,10,,,,,,
174.2071785,-35.76636206,Maungatapere,153,MPE,,,,,
174.358792,-36.08653696,Maungaturoto,105,MTO,inthecountry.,,,,
174.3641876,-36.10411199,Maungaturoto,30,,,,,,
171.0584342,-42.75830113,McKay'sCreek,35,MKY,whichcreekisactuallyonthefarsideoftheKaniereriverfromthepowerhouse.,,,,
174.2803844,-39.04540189,McKee,85,MKT,somewherearound:proposed(2012)junctionfortheconnectiontotheproposed100MWpowerstationadjacenttotheexisting2MWpistonenginesatMcKeeofftotheSE...,,,,
174.3366894,-39.08802838,McKee,115,MKE,"adjacenttothe""McKeeProductionStation""withitsrefineryandgas-poweredgeneratorsadjacenttotheupperreachesoftheMangahewastream.",,,,
174.9159718,-41.20034657,Melling,6,MLG,,,,,
175.0684718,-37.31485798,Meremere,10,MER,deconstructedpowerstationbutthesubstationlingers.,,,,
170.5055218,-45.87022794,Meridian,20,MSC,shoppingcentre,285GeorgeStreet.Somewherearound.Unlessthisisjusttheoffice...,,,
171.6598969,-43.64493384,Methven,306,MVN,MVTmayalsobeusedforthe66KVmanifestation,asdistinctfromthe33KV.,,,
170.1206583,-45.51119046,Middlemarch,205,,,,,,
172.5677362,-43.54087536,Middleton,20,MLN,possiblyhere,butisthereanactualconnectiontothegridlinespassingoverhead?,,,
172.5676619,-43.54087508,MiddletonJunction,20,MLT,presumablysomewherenearMiddletonsubstation,whereveritactuallyis.,,,
175.683349,-37.56910252,MikkelsenRoad,17,AdjacenttotheWaihousubstation.,,,,,
170.0088132,-46.08500834,Milburn,40,MBN,prison-standbygenerator(notatreadmill),somewherearound..,,,
174.7658222,-36.7718539,Milford,10,MLF,shoppingcentre,24MilfordRoad.,,,
175.6031942,-40.32457385,Milson,30,,,,,,
172.6355949,-43.5503445,Milton,20,DerelictbrickbuildingtotheSWcorner.,,,,,
175.7452842,-39.40304688,Moawhango,870,MOA,asmarkedonthetopographicmap.,,,,
175.6047242,-38.92729103,Moerangi,620,MOE,somewherenearby.,,,,
174.0292588,-35.38509331,Moerewa,20,Possiblyhere.Mainlysuppliesthemeatworks.,,,,,
172.5107502,-43.53876638,Moffet,20,,,,,,
175.9270826,-38.53172311,Mokai,232.8,WKU,"somewherearound.Presumingthatthe""Mokaiswitchyard""isbytheMokaigenerator",andnottheMokaiportionoftheWhakamarusubstationcollectionatthefarendofitstransmissionline.DespitethecodeWKU.,,,
175.9270826,-38.53172311,Mokai,232.8,MOK,Mokaigeothermalgenerator.ItscodeMOKisalsousedforMokoia.,,,,
174.9619968,-38.55273977,Mokauiti,90,MKT,,,,,
174.3503716,-39.64825645,Mokoia,70,MOK,somewherearound.Mixingstationfortheoil/gasfromtheRimuproductionwells,inland.ItscodeMOKisalsousedfortheMokaigeothermalgenerator.,,,
173.2586764,-42.08436807,Molesworth,900,MOL,radio,,,,
169.7737908,-46.37050064,Molyneux,5,,,,,,
167.6166428,-45.77592408,Monowai,120,MON,,,,,
171.3387111,-43.80031662,Montalto,359,MOO,alsogiventhecodeMONwhichisalsousedforMonowai.,,,,
175.536286,-37.65589574,Morrinsville,25,MVE,acodeusedbysome,appearstohavebeenforaproposedsubstationnowcalledPiakoandgiventhecodePAO.,,,
174.7751965,-41.28232678,MorrisonKentHouse,30,PMK,105TheTerrace(PetherickPropertiesLimited),,,,
170.3442865,-45.8670753,Mosgiel,18,,,,,,
168.2190052,-45.68513592,Mossburn,300,,,,,,
172.9801296,-41.13793796,Motueka,10,MOT,,,,,
172.5912705,-43.72968343,Motukarara,15,supplypointfortheBank'sPeninsulaElectricPowerBoard.NZMapped'stopographicmapismisaligned+25E-20N.,,,,,
174.3817239,-39.18418032,Motukawa,110,MTK,,,,,
175.4729094,-37.68666683,Motumaoho,35,onthetopographicmapsopresumablynearby.Possiblyabandoned.,,,,,
174.2881896,-38.99391021,Motunui,36.1,MNI,syntheticfuelplant.,,,,
172.8429529,-40.86040685,Motupipi,19.4,MPI,,,,,
174.0404937,-39.06487082,Moturoa,10,,,,,,
174.0362342,-39.06220857,Moturoa,10,MRA,byBreakwaterRoadandnotMataroaMTRnorMataroaMRA!CanreceivepowerfromtheNewPlymouthstation.SuppliestheMoturoaarea.,,,,
172.6719206,-43.09242908,MoundRoad,170,MND,radio,,,,
175.6136078,-40.75234893,MountBruce,480,MBR,radio,,,,
170.5548715,-45.8130589,MountCargill,676,MCA,radio,,,,
175.1445045,-41.15209582,MountClimie,862,MCL,radio,,,,
176.7343389,-38.10510931,MountEdgecumbe,790,MEG,radio,,,,
176.7343389,-38.10510931,MountEdgecumbe,790,PUT,radio.AlsoknownasPutauaki.Possiblythismast;theotherismarkedasTVonthetopographicmap.NottheMountPutauakiat2775580,6292445,697,,
176.8409374,-39.73970447,MountErin,489,MEN,radio,,,,
172.5486282,-43.12198075,MountGrey,929,MGY,radio,,,,
175.3017358,-38.79163981,MountHikurangi,771,MHI,radio,,,,
171.6010703,-43.49456937,MountHutt,470,MHT,possiblynearhere.,,,,
170.2805613,-44.13554681,MountMary,980,MMY,"radio.""Highsite""","nottheTVtower.Thereisa""lowsite""withcodeMMZ",butwhere?,,
176.2142263,-37.6779097,MountMaunganui,7.3,MTM,,,,,
174.23077,-35.73838846,MountMaunu,390,MNU,radio,,,,
171.0077545,-44.37319293,MountMisery,540,MIS,radio,,,,
174.7017334,-39.57782258,MountMoana,563,MOA,radio,,,,
175.685637,-40.70957063,MountMunro,470,MMO,proposedwindfarm,withacodeassignedbeforeapprovalforconstruction.,,,
176.1973792,-38.11821849,MountNgongotaha,750,MNH,radio,,,,
175.7687658,-39.04139766,MountPihanga,1326,PHG,radio,,,,
172.7271202,-43.58875932,MountPleasant,495,MPL,radio,Tauhinukorokio,,,
167.9495978,-45.41281049,MountProspect,965,MPR,radio,,,,
175.4735696,-38.36516437,MountRanginui,970,MRI,radio.HighendoftheRangitotoridge,nottheoneculminatinginSilverPeak,andnotavolcano.,,
170.6144027,-44.16053472,MountRollesby,1350,MRL,radio,,,,
174.7257184,-36.91384092,MountRoskill,52,ROS,,,,,
171.4114661,-43.70875139,MountSomers,370,MSM,,,,,
172.7508831,-42.19629632,MountSouthey,1690,MSY,radio,orpossibly,someotherMountSouthey,ifthereisone.,
169.7716786,-46.07658919,MountStuart,411,MSU,radio,onemastoranother.Theactualmountainisawaynorthat2260260E5456395N.,,,
170.9108351,-44.64161185,MountStudholme,1085,MSM,radio,,,,
174.7117169,-36.30027004,MountTamahunga,445,MTH,radio,,,,
176.7830703,-39.75121845,MountThreave,400,MTV,radio,,,,
170.0789449,-44.26556439,MountainPower,480,MMP,somewherearound.,,,,
170.0789449,-44.26556439,MountainPower,480,MMT,somewherearound.,,,,
172.3367596,-41.7888292,Murchison,185,MCH,,,,,
174.7312924,-37.20305436,N.Z.Steel,40,NZS,Glenbrook.BrokenHillPropietaryN.Z.SteelLimited.,,,,
170.0933433,-45.03318338,Naseby,603,NSY,WSWofthetown.,,,,
174.7647145,-36.84929438,NationalBankCentre,10,KNA,205QueenStreet.KiwiIncomePropertyTrust,"thusthe""K"".",,,
175.398903,-39.15815501,NationalPark,797,NPK,,,,,
170.4922223,-45.89344108,NevilleStreet,15,Nexttothehouseofpain.,,,,,
172.7175772,-43.51034168,NewBrighton,5,,,,,,
174.6854587,-36.90793976,NewLynn,10,KSA,somewhereintheshoppingcentre,associatedwithStateInsuranceandtheKiwiIncomePropertyTrust.,,,
174.6854587,-36.90793976,NewLynn,10,LMC,shoppingcentre,3058GreatNorthRoad.,,,
174.0267097,-39.0583075,NewPlymouth,34.7,NPL,powerdepartsvia220KVtoStratford,110KVtoCarringtonStreet,and33KVtoMoturoa.,,
174.0275957,-39.05656943,NewPlymouth,10,NPR,radio.Ontopofafueltank?,,,,
174.7759245,-36.87096592,Newmarket,80,WTS,"Westfieldshoppingcentre(""TwoDoubleSeven"")",somewherearound.,,,
174.7596246,-36.86082466,Newton?,30,Somewherearound.,,,,,
171.4371853,-42.39427782,Ngahere,35,NGH,,,,,
171.463958,-42.41440645,Ngahere,50,NGR,generationsomewherealongRedJack'sCreek.,,,,
170.7516405,-44.94878874,Ngapara,130,,,,,,
173.8162568,-39.35333911,Ngariki,62,,,,,,
176.1709197,-38.53442723,Ngatamariki,360,NTM,geothermalgenerationsomeherebythehotsprings,underconstructionin2012.,,,
174.8090001,-41.24239998,Ngauranga,40,,,,,,
173.8525422,-35.41812023,Ngawha,240,NGA,notNWAfortheNationalInstituteofWaterandAtmosphericResearchofficeinAlexandra.,,,,
175.0363759,-38.80027565,Nihoniho,165,,,,,,
175.5974752,-40.96504907,Norfolk,130,,,,,,
168.3595004,-46.30538362,NorthMakarewa,21.5,NMA,,,,,
168.3576532,-46.30698734,NorthMakarewa,20,NMA,,,,,
175.7978568,-40.33735727,NorthRangeRoad,400,NRR,radio,East.Possiblyatthecelltower.,,,
175.7886298,-40.33348094,NorthRangeRoad,420,NRW,radio,West.NosignofitnearherebutpresumablynotassociatedwiththecellphonetowertotheESE.,,,
170.5343969,-45.84692987,NorthRoad,130,,,,,,
172.609971,-43.49355592,Northland,15,NTL,shoppingcentre,somewherearound.,,,
171.7702034,-43.89407071,Northtown,97,NTN,,,,,
174.7796961,-41.28977807,NZXBuilding,5,ENB,11-21CableStreet(EDCLimited),,,,
175.4844683,-37.8843785,Oaklands,70,OAK,somewhereforthesubdivision.Athree-phasesupplylinedivesundergroundhere.,,,,
170.9173275,-45.06925986,Oamaru,100,OAM,actuallyjustnorthofWeston.,,,,
176.292394,-38.52773954,Ohaaki,350,OKI,,,,,
176.2965924,-38.52890701,Ohaaki,320,OKI,,,,,
167.9483305,-45.93949909,Ohai,210,OHI,notablyan11KVfeedertothecoalmineonthenorthsideofthevillage.Ormaybe66KV.Conversiontoopen-casthasreducedtheelectricitydemand.,,,,
175.3681412,-39.42669404,Ohakune,556,OKN,,,,,
176.0859429,-38.40797424,Ohakuri,309.5,OHK,,,,,
170.0031073,-44.36174034,Ohau,510,,,,,,
170.0292117,-44.26587969,OhauA,485.5,OHA,,,,,
170.1105496,-44.30180629,OhauB,446,OHB,,,,,
170.1794993,-44.34356631,OhauC,398.3,OHC,,,,,
175.2969125,-37.47929469,Ohinewai,50,OHW,wascalledHuntlyEast.AproposedjunctionbyOhinewaithoughitisnearerWaiterimu.,,,,
176.3406964,-38.03027708,Okere,316.7,OKE,,,,,
169.6033832,-45.0960533,Omakau,310,,,,,,
173.5360867,-35.46103467,Omanaia,15,,,,,,
170.0047523,-44.49281919,Omarama,400,ORM,notOrmistonRoad.,,,,
176.025855,-37.68057746,Omokoroa,50,,,,,,
171.2368365,-42.46251256,Omoto,100,OMO,somewherearound,possiblydefunct.,,,
172.6980229,-40.7760537,Onekaka,40,OKK,,,,,
175.1816276,-38.74567931,Ongarue,201.5,ONG,,,,,
175.1812063,-38.74582268,Ongarueminor,201.5,ONGm,,,,,
175.0763475,-38.33890591,Oparure,200,Suppliestheadjacentlimeworks.,,,,,
171.0149599,-44.19384895,Opihi,250,OPI,alsoknownasOPHandmisspelledasOphi.,,,,
171.0149599,-44.19384895,Opihi,250,OPH,alsoknownasOPI.,,,,
174.7765785,-41.28487241,OptimationHouse,5,OPT,somewherenearby.,,,,
170.8913314,-43.99989426,Opuha,330,OPU,rebuiltaftertheearthdamwasovertoppedduringconstruction,aroundonea.m.6'thFebruary1997.,,,
173.9272794,-39.39258698,Opunake,184.7,OPK,actuallynexttoIhaia.,,,,
173.8468914,-39.44841158,Opunake,25,AlsocalledTasmanbutit'snotnearNelson.SouthofthetownistheOpunakehydropowerstation.,,,,,
167.7877574,-46.0705675,Orawia,70,,,,,,
174.9446516,-36.9636387,OrmistonRoad,130,ORT,theproposedundergroundcable/lineconversion,tobenearby.PossiblynearerBrownhillRoad.,,,
174.9446516,-36.9636387,OrmistonRoad,130,ORM,theproposedundergroundcable/lineconversion,tobenearbyandnotOmarama.,,,
171.6335859,-41.76373982,Orowaiti,5,ORO,somewherearoundandprobablyrelatedtoRobertsonStreet.AprojecttoreducethenumberofsupplypointstoWestportandavoidcharges.,,,,
174.862518,-36.95471148,Otahuhu,15,OTA,,,,,
174.8650646,-36.95084584,OtahuhuA,15,OTG,single-cyclegasturbinedecommissioned,generatorusedtofiddlethelinepowerfactor.,,,
174.8635824,-36.95001521,OtahuhuB,15,OTC,two-cycle:gas+steamturbines.,,,,
167.9878422,-46.1268176,Otautau,60,Somwherearound.,,,,,
170.1961112,-44.60373205,Otematata,275,OTR,,,,,
170.1547084,-44.6435633,Otematata,855,OTR,radio,,,,
174.6299917,-41.29360376,OterangaBay,5,OTB,CookStraitCableterminus.,,,,
171.5639107,-42.83162744,Otira,384.5,OTI,,,,,
175.594748,-39.04884187,Otukou,685,,,,,,
176.1352394,-37.68365932,Otumoetai,50,Actually,inBrookfield.,,,,
169.9149477,-45.00568595,Oturehua,495,ReceivespowerfromtheFallsDam.,,,,,
170.234772,-45.86423136,Outram,10,,,,,,
171.9937001,-43.77741212,Overdale,105,OVD,,,,,
169.6681873,-46.45130013,Owaka,15,,,,,,
176.3232939,-38.12995747,Owhata,320.8,OWH,,,,,
174.7444785,-41.32841085,Owhiro,90,SLF,"somewherenearby.(codeSLFisverygeographical:""SouthernLandfill"")",,,,
172.1931096,-43.29138757,Oxford,235,,,,,,
174.9607664,-40.98182928,Paekakariki,5,PKK,"whichmayalsobethecodefora""transmissiondeviationpoint""nearby",butonwhatline?,,,
169.9443362,-45.3490061,Paerau,420,PRU,,,,,
169.9443362,-45.3490061,Paerau,420,PAE,usedbythosewhodon'tthinktocheckPRU.AndnotPaekakariki.,,,,
169.8999197,-45.44612975,Paerau,570,Possiblyhere.,,,,,
175.6742015,-37.38933289,Paeroa,10,PAR,,,,,
176.2579477,-38.38039894,Paeroa,979,PAR,radio,,,,
172.7160222,-43.51231799,Pages,5,,,,,,
174.9065639,-36.92596495,Pakuranga,17,PAK,,,,,
174.8715577,-36.91256209,Pakuranga,5,WPK,Westfieldshoppingcentre,somewherearound.,,,
174.7736865,-41.31936617,PalmGrove,50,,,,,,
170.686905,-45.4856884,Palmerston,90.3,PAL,notnorth.,,,,
176.2842837,-37.71600941,Papamoa,10,,,,,,
172.5921107,-43.49284591,Papanui,20,PAP,,,,,
171.3429779,-42.40378941,Paparoa,830,POA,radio.Oneofmanymasts:TVandthreeradio.,,,,
175.0122936,-40.92539315,Paraparaumu,60,PRM,,,,,
176.0238922,-38.71595701,Parawera,490,PAW,presumablysomewherearoundhere.ThereisaParawerasoutheastofTeAwamutubutitsfarmlanddoesn'tlooklikeitisbecomingahousingsubdivision..,,,,
171.2115851,-44.4907788,Pareora,10,,,,,,
174.7859758,-36.84921265,Parnell?,20,Somewherearound.,,,,,
175.5993525,-40.35777375,PascalStreet,30,,,,,,
174.4689618,-39.73956868,Patea,45,Bythetown,notthePateapowerstationupriver.,,,,
174.5673439,-39.54652109,Patea,20,PTA,Bythepowerstation,notthesubstationbyPatea.,,,
169.9564468,-45.32682667,Patearoa,390,PTR,,,,,
177.9008418,-38.6446919,Patutahi,10,PUI,notPatuatahi,anunknownname.,,,
174.9187047,-41.10970022,Pauatahanui,5,PNI,,,,,
174.9441765,-41.11127444,Pauatahanui,60,PNT,possiblythesameplaceasJFD.,,,,
175.0465722,-39.91475187,PeatStreet,10,,,,,,
177.6125721,-38.64699485,Pehiri,200,notPehere,somewhereabout.,,,,
171.9813909,-43.88549764,Pendarves,65,PDS,,,,,
174.7192508,-36.62250177,PeninsulaClubRetirementVillage,65,EPC,441WhangaparaoaRoad(EDCLimited),,,,
174.8162307,-36.90436127,Penrose,33,PEN,northwestpart.,,,,
174.8176064,-36.90546466,PenroseSE,33,PENse,southeastpart.,,,,
174.8803308,-41.21762066,PercyAvenue,10,,,,,,
175.5607521,-37.65051212,Piako,25,PAO,August2012connectiontothenationalgrid.PreviouslyproposedcodeMVEforMorrinsvilleseemstobeabandonedinfavourofPAObuttheLanguagesofPaowaswrittenbyJackVance.PiakoRoadisontheothersideofMorrinsville,butthePiakoRiverisnearby...,,,
171.4823875,-42.20644892,PikeRiver,340,PIK,somewherearoundthecoalmine.,,,,
175.3430808,-38.91210288,Piriaka,210,PRK,,,,,
177.168336,-38.83889663,Piripaua,140,PRI,,,,,
174.8826485,-38.25529833,Piripiri,150,BytheMarokopariver.,,,,,
175.6141195,-40.35739457,Plaza,40,KPP,shoppingcentre,somewherearound.,,,
171.142005,-44.2641468,PleasantPoint,60,,,,,,
176.0414766,-38.62979695,Poihipi1PHI,540,PHI,butnotPPI!,,,,
176.0414766,-38.62979695,Poihipi1PPI,540,PPI,butnotPHI!,,,,
176.0486388,-38.63983703,Poihipi2,480,MCN,asecondattemptbyA.McLachlanetaltobuildandownapowerstationatPoihipi.,,,,
176.0551586,-38.61232694,PoihipiJunction,512,PPT,presumablyhere.,,,,
176.1525873,-37.73522586,Poike,10,PIE,Transmissionlinedeviationpoint,possiblyhere.,,,
176.1525873,-37.73522586,Poike,10,PKE,Transmissionlinedeviationpoint,possiblyhere.,,,
169.2395962,-46.03939626,Pomahaka,115,BML,oppositeBlueMountainLumber'ssawmillonPomahakaroadnearConicalHill..,,,,
174.9680716,-41.17189318,Pomare,30,,,,,,
176.4745904,-37.83342998,Pongakawa,20,,,,,,
176.1850731,-40.54543393,Pongaroa,150,,,,,,
174.9269277,-37.03146621,PorchesterRoad,20,POR,somewherepresumablyalongthisroad,andconnectedtoTakanini.,,,
174.8407672,-41.13557413,Porirua,5,AOT,somewherearoundtheAoteashoppingcentre(theAoteaCentreofAucklandisfarawayfromPauatahanui).,,,,
174.8401066,-41.13752113,Porirua,5,KNW,somewherearoundtheNorthCityshoppingcentre(NorthShoreisfarawayfromTakapuRoad).PartoftheKiwiIncomePropertyTrust,"thusthe""K"".",,,
176.9586105,-37.98035401,Poroporo,3,,,,,,
170.619494,-45.81431479,PortChalmers,40,PTC,,,,,
176.872062,-39.55312967,PowdrellRoad,10,,,,,,
174.6694245,-36.64043848,PowerPoint,90,Orsoitisnamedonthetopographicmap.,,,,,
172.6379516,-43.52857029,PriceWaterhouseBuilding,10,KPC,119ArmarghStreet(KiwiIncomePropertyTrust),,,,
172.6379516,-43.52857029,PriceWaterhouseRadio,10,PWC,,,,,
174.7765473,-41.2792889,PrimePropertyTower,5,NPP,86-90LambtonQuay(NewZealandAirwaysLimited),,,,
174.777385,-41.28157268,PSISBuilding,5,NPS,108FeatherstonStreet(NewZealandAirwaysLimited),,,,
170.2117598,-44.12516755,PukakiPKI,539,PKI,alsoTKB:downfromalongcanalfromlakeTekapo'spowerstation'soutlet.,,,,
170.2117598,-44.12516755,PukakiTKB,539,TKB,alsoPKI:downfromalongcanalfromlakeTekapo'spowerstation'soutlet.,,,,
169.6237726,-46.15675442,Pukeawa,30,,,,,,
173.1094286,-34.82104705,Pukenui,15,,,,,,
175.3578892,-40.1100109,Pukepapa,140,Percheduponpoles.,,,,,
176.3101221,-37.77476404,Pukepine,10,PUK,"sawmill.Notthe""communicationssite""atPukepoto.",,,,
176.3483972,-38.13142594,Pukepoto,580,PUK,radio.PossiblyattachedtotheTVtower.,,,,
175.2307347,-38.43060913,Puketutu,210,PKT,appearstobesomewhereintheKingCountrywestofTaupo...,,,,
175.3596238,-41.24946965,Pukio,5,"Mysteriouslymarkedas""transformer""onthetopographicmap",somewherenearby.,,,,
174.4740672,-36.63882409,Punganui?,5,PGI,somewherearound:unlocatedandunmappedsubstation,possiblydefunct.,,,
173.8094181,-39.27866798,Pungarehu,80,,,,,,
172.7374519,-40.85534425,Pupu,50,PUP,,,,,
175.3032371,-38.31765192,Pururu,388,RTO,junction,byRangitotoRoadintheRangitotoHills,butnotRangitotoIslandoffAuckland.,,
175.7637686,-38.05838423,Putaruru(ArapuniRoad),140,,,,,,
175.7708942,-38.06010171,Putaruru(GreyStreet),160,Appearsdefunct.,,,,,
174.7719395,-36.84457849,QuayStreet?,5,QST,somewherearound:unlocatedandunmappedsubstation.PossiblyonceconnectedtotheKing'sWharfpowerstation.,,,,
169.3439738,-44.81664996,Queensberry,250,"Markedas""transformer""onthetopographicmap.The""cableway""isoneoftwopowerlinescrossingtheriver.",,,,,
174.9064133,-41.21003361,Queensgate,10,WQG,Westfieldshoppingcentre,somewherearound.,,,
168.6578851,-45.02934576,Queenstown,350,,,,,,
168.3886158,-46.39422552,RacecourseRoad,8,,,,,,
177.1190102,-38.80501425,Raekahu,744,RAE,radio,,,,
175.2708128,-39.36975044,Raetihi,450,RTI,,,,,
173.5815603,-41.23599064,RaiValley,60,Somewherearound.,,,,,
176.3976531,-38.30775211,Rainbow,410,,,,,,
174.9837573,-37.15992027,Ramarama,80,SomewherearoundbyHillviewRoad,orpossibly,defunct.,,,
170.0944465,-45.12504733,Ranfurly,435,,,,,,
172.5919537,-43.30433548,Rangiora,30,RAN,WhisperTechtrialsite.,,,,
172.5752961,-43.28933246,Rangiora,35,RRA,PossiblycodeRRAisthis,thoughthereisnoapparentconnectiontothenearbytransmissionline.RangioraNorthzonesubstation84RiverRoadasknowntoGoogleEarthis~470metreseast,andnothingsubstationishisapparent;itmayyettobebuilt...MainPower(Rangiora)issaidtobeacustomerherewithcodeMPW.,,
175.8371036,-39.1533338,Rangipo,663,RPO,substation,nottheundergroundpowercavern.,,,
176.887097,-39.60459743,Rangitane,5,AdjacenttowhatusedtobetheextensionofthenortharcofRangitaneRoad,whichnowiscutshortanddroops.,,,,
171.3813443,-44.09070463,Rangitata,90,,,,,,
175.7361787,-40.84937997,Rangitumau,600,RGU,radio,,,,
171.2442379,-42.37047497,Rapahoe,20,RAP,,,,,
175.5170514,-39.99557077,Rata,190,,,,,,
174.9848848,-40.92702944,Raumati,10,,,,,,
176.9216967,-39.55658893,Ravensdown,5,RVN,FertiliserCo-operative,atAwatoto.,,,
172.5357915,-43.54215527,Ravensdown,25,HBY,FertiliserCo-operative,atHornby.Somewherenearby.,,,
170.5428731,-45.8689741,Ravensdown,5,RVB,FertiliserCo-operative,atRavensbourne.Somewherenearby.,,,
170.716194,-45.37059436,Razorback,500,RAZ,radio,,,,
170.7092745,-45.3695609,Razorback,500,RAZ,radio,previousposition?,,,
170.984456,-45.06406069,Redcastle,35,,,,,,
176.8206771,-39.55160992,Redclyffe,17,RDF,mainexpanse.,,,,
176.8223045,-39.55155589,Redclyffeminor,17,RDFm,lesserexpanse.,,,,
174.9119771,-37.00086059,RedoubtPark,50,RPE,possiblyherethoughtheparkiscalledTotara.ButRedoubtRoadformsitsnorthernboundary.,,,,
174.6188202,-36.65717585,Redvale,70,RDV,thoughRedvaleiswellofftotheeast.,,,,
174.6287578,-36.66349467,Redvale,50,RDV,somewherearoundbythelandfill.The11KVconnectionwasoverlodedsothecompanybuiltitsown33KVline.Itwouldbegoodtoknowfromwheretowhere.,,,,
169.9731516,-45.04264337,ReedRoad,535,JunctionwithWhiteSowValleyroad.,,,,,
171.8449464,-42.08256384,ReeftonJunction,185,RFC,presumablysomewherearoundReeftonifnotinthesubstation,andnotGile'sCreek?,,,
171.8449464,-42.08256384,ReeftonRFN,185,RFN,usedwhenRFTgrowsboring.Wasusedbutdatausinganothercodeturnedup.,,,,
171.8449464,-42.08256384,ReeftonRFT,185,RFT,usedwhenRFNgrowsboring.Wasspecifiedinanotificationofanewnametocome,"andusedinthe""standardsiteabbreviations""of2004.",,,
168.7848478,-45.01334741,Remarkables,330,Possiblyhere.,,,,,
173.8152547,-41.51495774,Renwick,55,,,,,,
175.2862438,-39.17724703,Retaruke,350,RTR,lineoffshoottoNationalPark.,,,,
172.5978532,-43.53131756,Riccarton,10,WRN,Westfieldshoppingcentre,somewherearound.,,,
174.0107054,-41.53318678,Riverlands,10,JEL,somewhereintheindustrialparkisJacksonEstate,awinery.,,,
174.0096228,-41.53292606,Riverlands,10,SPC,somewhereintheindustrialparkisSouthPacificCellars,awinery.,,,
174.00793,-41.53195021,Riverlands,10,KWC,somewhereintheindustrialparkisKiwiWine,alsoknownasMudHouseandLeGryswines.,,,
168.7366007,-45.90495121,Riversdale,135,"Siteofadeclared""Transformer""onthetopographicmapbyNineMileRoad.",,,,,
168.0395963,-46.32739922,Riverton,12,ByOtaitaiBush.,,,,,
169.0700027,-45.00136453,RoaringMeg,230,RMG,somewhereunderthecloud.Twopowerstations.,,,,
175.0641041,-39.89299157,Robert'sAvenue,20,,,,,,
171.6110698,-41.76504151,RobertsonStreet,10,ROB,possiblyforsupplytoWestport,ifitisconnectedtothepowerline.,,,
168.9678094,-44.98795099,RockPeak,1560,MHN,radio.MountHockenisWSWat2191455E5571925Nandslightedbyalandslide.,,,,
174.4767384,-36.64081428,Rodney,20,ROD,proposedlocationforpossibly240MWfromgasandsteamturbineswithaircooling.,,,,
172.3576026,-43.60768211,Rolleston,52,,,,,,
174.720497,-36.73782114,Rosedale,50,RSD,,,,,
170.8111025,-42.89300914,Ross,15,RSS,somewherearound,possiblydefunct.,,,
176.1937313,-38.61272101,Rotokawa,320,RKA,,,,,
176.1791092,-38.61588125,Rotokawa2,325,NAP,NgaAwaPurua,somewherenearby.,,,
176.1780927,-38.61500814,Rotokawa2Junction,325,NAT,forNgaAwaPurua,somewherenearby.,,,
176.2270328,-38.14843644,Rotorua,295.4,ROT,MalfroyRoad,,,,
171.7091089,-43.49052385,RoundTop,894,RTP,radio,,,,
169.3191239,-45.47721654,Roxburgh,108,ROX,,,,,
174.774761,-36.91091299,RoyalOak,65,ROM,shoppingcentre,691ManukauRoad,,,
174.7683505,-36.84675585,RoyalSunAlliance,5,KRA,48ShortlandStreet,renamedVeroCentre.NotRoyalandSunAllianceInsuranceat52SwansonStreet.,,,
176.0542129,-37.77783303,Ruahihi,30,RHI,(alsocodeKMI?PartoftheKaimairangescollection)powerstationwithitssubstation,downfromtheRuahihicanal.,,,
176.0553258,-37.78860419,Ruahihi,90,RHI,,,,,
174.5532289,-36.92423706,Ruaotewhenua,440,RUA,radio,,,,
178.3003641,-37.9028288,Ruatoria,80,,,,,,
170.4659987,-45.84127241,RuddRoad,500,RRD,radio,,,,
174.8738474,-36.98710727,RyanPlace,20,RYN,somewherearound.,,,,
172.6354649,-43.50997594,SaintAlbans,20,STA,somewherearound,andpossiblyonTrafalgarstreet.,,,
170.5038983,-45.89921972,SaintKilda,10,,,,,,
174.7331452,-36.88284262,SaintLuke,30,WSL,Westfieldshoppingcentre,somewherearound.,,,
175.4272398,-40.22241308,Sanson,55,,,,,,
171.8868063,-43.92279299,Seafield,65,SFD,apparentlywithinthemeatworks.,,,,
174.7662499,-36.91605567,SelwynHeightsRetirementVillage,60,SHV,42HerdRoad.,,,,
174.7713715,-36.78951799,Sentinel,10,STL,apartmenttower,3-9NorthcroftStreet,,,
172.507751,-43.55932054,Shand'sRoad,33,SWofHornby.,,,,,
172.6643575,-43.50696756,Shirley,5,TPS,somewhereinThePalmsshoppingcentre.,,,,
168.7544915,-45.01151963,Shotover,350,SHT,presumablysomewhereintheShotoverindustrialpark.,,,,
174.6834963,-36.62356946,Silverdale,5,SVL,,,,,
174.996983,-41.16022923,Silverstream,120,SVS,,,,,
176.1155922,-37.7051426,SilverwoodPark,20,SVW,somewherearound,,,,
172.7163428,-43.60311593,SimeonQuay,30,SIM,possiblyhere.Siteofa640KWsemi-moveabledieselgenerator.,,,,
174.7621704,-36.84848003,SkyCityCasino,20,SCC,,,,,
174.761889,-36.84843959,SkyCityTower,20,SKY,radio,,,,
174.7533374,-36.78539859,Smale'sFarm,20,SML,somewherearoundintheSmale'sFarmTechnologyPark.,,,,
170.501172,-45.87252242,SmithStreet,70,,,,,,
174.71987,-41.2078407,Smith'sElectrode,5,THW,DCground/seaconnection;thenameTeHikowhenuahasbeenintroducedbutisunknowntothetopographicmap.A200yardlongtrenchdowntotheseawaterlevel,withtwenty-fivegraphiteelectrodesinsideperforatedverticalconcretepipes.,,,
172.5500826,-43.54050178,Sockburn,25,,,,,,
174.7781649,-41.29277371,SoHoApartments,5,SOH,72-80TaranakiStreet,,,,
172.636097,-43.53878023,SouthCity,10,MXS,shoppingcentre,somewherearound.,,,
170.507481,-45.89077109,SouthDunedin,6,SDN,,,,,
172.5986917,-43.32735765,Southbrook,23,SBK,,,,,
174.8277312,-36.92681654,SouthdownSDW,9,SDW,notSWN.,,,,
174.8142745,-36.9303972,SouthdownSWN,1,SWN,notSDWbyagenerator?,,,,
174.7658228,-36.84878041,SouthernCrossBuilding,15,RSC,59-67HighStreet(RobertJonesElectricityNetworkLimited)-thusRSC.,,,,
174.5403274,-36.3203745,Southgate,65,STG,possiblyhere.ButallaroundareWaybynames.ThisisnottheSouthgateinWellington,northeSouthgateroundaboutnearTakanini,asbotharealongwayfromtheconnectiontoWellsford.,,
173.9326311,-41.49975625,Springlands,12,,,,,,
172.4499249,-43.63768126,Springston,14,SPN,,,,,
170.354259,-45.36215955,StationHill,625,"Mysteriousmarking""Transformer""onthetopographicmap",byMathesonRoad.,,,,
170.5624363,-44.75036791,StationPeak,880,STP,"radio.Possiblythismast.ThereisaSTQ(""Highsite"")andSTP(""Lowsite"")",,,,
173.2437712,-41.31463272,Stokenorth,50,STK,,,,,
173.2424603,-41.31544587,Stokesouth,50,STKs,,,,,
170.4726453,-45.87520941,StoneStreet,100,,,,,,
174.3204246,-39.33415142,Stratford,273,SFD,boththeoldandthenewpowerstationswereconnectedtothesamesubstation;codeSPLalsoappears,forStratfordPowerLimitedandTCCforTaurangaCombinedCycle.,,,
174.3423749,-39.33590758,StratfordEast,250,,,,,,
174.3204246,-39.33415142,StratfordSPL,273,SPL,asStratfordPowerLimited.,,,,
174.3204246,-39.33415142,StratfordTCC,273,TCC,asTaurangaCombinedCycle.,,,,
171.1381185,-44.73217587,Studholme,11.5,STU,,,,,
172.7587075,-43.56998253,Sumner,15,ThelocationisbyWakefieldAvenueatthebaseofthenorthendofthecliff.NZMapped'stopographicmapismisregisteredforthisposition.,,,,,
172.6516985,-40.68678016,SwampRoad,25,,,,,,
172.4886995,-43.36670452,Swannanoa,58,,,,,,
174.8403881,-36.91386522,SylviaPark,5,SYL,somewheresupportingtheconsumerism.,,,,
172.5111373,-43.53831798,SystemControlChristchurch,30,SCC,radio.Here?Alikely-lookingtower.,,,,
175.302373,-37.83255358,SystemControlHamilton,70,SCH,radio,25HallRoad.,,,
174.7075284,-38.17420138,Taharoa,10,Ironsandsworks.,,,,,
175.4946389,-37.50173985,Tahuna,20,,,,,,
174.0833854,-39.29026658,Tahurangi,1600,TAI,radio,,,,
175.7962094,-39.67801138,Taihape,470,THP,,,,,
173.4640137,-35.00478323,Taipa,5,,,,,,
175.8414063,-37.019213,Tairua,10,,,,,,
172.8082178,-40.85907599,Takaka,15,,,,,,
172.8610313,-41.02295484,TakakaHill,910,TKL,radio,somewherearound.,,,
174.9336011,-37.03899062,Takanini,24,TAK,,,,,
174.9319041,-37.03902091,TakaniniJunction,24,TAT,presumablyhereandnotthejunctionhalfwaybetweenBombayandTakanininearRunciman.,,,,
174.8715247,-41.15735471,TakapuRoad,175,TKR,,,,,
174.7700979,-36.7879167,Takapuna,10,WSC,"Westfieldshoppingcentre(""ShoreCity"")",somewherearound.,,,
175.5723504,-39.46475884,Tangiwai,699.1,TNG,byWinstone'sKarioipulpmill(codeWIN)southoftheKarioiforest,nearTangiwai,andnottherailwaysupply.,,
175.3944363,-39.18578307,TangiwaiNZR,805,TNG,appearstobethe25KVsupplytotherailwaybutisnotsonearTangiwaiitself.NationalParkismuchcloser...,,,,
174.087321,-39.08054218,TarahuraRoad,80,,,,,,
176.7397767,-39.134168,Taraponui,1308,TPI,radio.,,,,
175.7776583,-40.34755923,Tararua,410,TWF,oneendoftheTararuaWindfarmconnectiontoBunnythorpeandtoLinton,itlookslike.Transformersandsuchlikemightbeinthebuildingacrosstheroadtotheeast.,,,
175.7737072,-40.35429521,Tararua,410,TWC,theTararuaWindfarm(codeTWF)Centralcollection.,,,,
175.7737072,-40.35429521,Tararua,410,NZW,anothercode,associatedwithTWC,standingforNZWindthistime.,,
175.7090893,-40.35595792,TararuaJunction,127,TWT,OffshoottotheTararuaWindFarm,codeTWF.,,,
176.7216852,-38.06413244,Tarawera,25,TOI,ORMATInstallation.Therearetwonearhere:TG1andTG2.Andnotconsideringthelargerplantof2008offtotheENE.,,,,
176.1596091,-38.07383986,Tarukenga,383.8,TRK,Bruce'stransmissionlineendpointcollationalsogaveTRCthislocation.,,,,
176.1160083,-38.66708163,Tauhara,435,TAA,nearhereisthepowerstationbyCentennialDrive,notthenearbysubstation.,,,
176.1160083,-38.66708163,Tauhara,435,TAB,anothercode,piossiblyanotherstation(tobeconstructed),,,
176.1160083,-38.66708163,Tauhara,435,TAC,anothercode,piossiblyanotherstation(tobeconstructed),,,
175.2578613,-38.8849095,Taumarunui,180,TMN,alsoknownasBorough,,,,
175.3268637,-38.88963562,Taumarunui,178,TMN,possiblyManunui,exceptthatisdescribedas6·5KMsouthoftown...,,,
175.3211986,-38.88921153,TaumarunuiNZR,180,TMN,appearstobethe25KVsupplytotherailways.,,,,
176.0740917,-38.68165757,Taupo,400,TPO,,,,,
175.0457717,-39.94247286,TaupoQuay,5,,,,,,
176.130989,-37.72741767,Tauranga,34,TGA,,,,,
175.480485,-39.16915368,Tawhai,895,"Markedas""Transformer""onthetopographicmap.NottobemistypedasTawhia",astreamsouthoflakeMatahina.,,,,
173.9638289,-41.62975811,TaylorPass,310,TAY,radio.Onthesaddleandnotatopahill?,,,,
167.7417542,-45.42559516,TeAnau,230,,,,,,
175.8170456,-40.29913456,TeApiti,320,TAP,windfarmturbinesarescatteredabout.,,,,
178.351869,-37.63987404,TeAraroa,10,,,,,,
175.3113061,-38.00316522,TeAwamutu,50,ANC,AnchorProductsdairyfactory.So,notaplacenamecodethen.CodeAPCmayalsobeused.,,,
175.3201513,-38.00229607,TeAwamutu,49,TMU,,,,,
177.6855916,-37.74272406,TeKaha,38.7,TKH,,,,,
177.8316314,-38.46707019,TeKaraka,65,ByBridgeRoadsouthofPuha.,,,,,
175.1231192,-37.72967701,TeKowhai,25,TWH,notTeKowhaiatthenorthendofKaiparaHarbour.GenerationatTeRapaisnearby.,,,,
176.3395502,-37.81687927,TeMatai,87.3,TMI,southeastofTePuke.,,,,
176.0522461,-38.61850879,TeMihi,480,THI,constructiontocompletesometimein2013.,,,,
175.694103,-40.95027419,TeOreOre,105,,,,,,
175.4642868,-40.59184314,TePaki,666,TEP,radio.ArepeaterstationismarkedonthetopographicmaptotheESEat27186506065295butisnottobeseen.,,,,
171.8959125,-43.63510555,TePirita,210,,,,,,
176.3235883,-37.79668438,TePuke,45,,,,,,
175.0938334,-37.7072438,TePuroa,293,TEU,radio,,,,
175.2137516,-37.71432202,TeRapa,45,TRC,milkfactoryco-generation.,,,,
175.7261179,-40.38183122,TeRereHau,400,TRH,windfarm,initiallyfive500KWturbinesconnectedtothelocalnetworkthatcouldacceptonly1MW.Additionalturbinesin2008andachange(oradded?)connectiontothegridviaanewsubstationfortherestoftheTararuacollection.,,,
174.9741207,-37.82387987,TeUku,40,TUK,possiblythissubstationhasgainedaddedstatuswiththewindfarm'sconstruction.,,,,
175.2201457,-38.18460122,TeWaireka,50,,,,,,
175.9068219,-37.82320491,TeWeraiti,740,TEW,radio,,,,
174.7757195,-41.28844313,TechnologyOneHouse,5,NTO,86VictoriaStreet(NewZealandAirwaysLimited),,,,
172.665049,-43.66977064,Teddington,5,Possiblyhere.,,,,,
170.4610254,-44.01382023,Tekapo,683,TKA,,,,,
170.4617287,-44.01194476,Tekapo,760,TKD,radio,,,,
170.4565617,-44.00138524,Tekapo,740,,,,,,
174.7627686,-36.84774914,TelcoBuilding,5,RTB,16Kingston/60FederalStreets(RobertJonesElectricityNetworkLimited),,,,
172.4464453,-43.52960944,Templeton,55,TMP,somewhereinthewomen'sprison-dieselstandby,notatreadmill.,,,
171.2922543,-44.22364713,Temuka,20,TMK,inthefieldsNNEofTemuka.,,,,
169.3214049,-45.53744837,Teviot,100,TVT,presumablyofferslocalsupplyaswellasconnectingacollectionofpowerstationsalongtheTeviotriver.,,,,
169.322806,-45.53778946,Teviot,120,NeartotheTeviotBridgeandElliotpowerstations.,,,,,
175.5334793,-37.12980552,Thames,10,THS,codePRWmightbefortheParawaisuburbnearby.,,,,
174.7813558,-41.26813705,ThorndonQuay,3,Historicbrickbuilding(veryclosetotheWellingtonearthquakefault!)enclosestheequipment.,,,,,
170.4330673,-45.85659179,ThreeMileHill,305,TMH,,,,,
174.2801767,-39.03450249,Tikorangi,85,somewherearound.,,,,,
171.230294,-44.37264717,Timaru,10,TIM,,,,,
176.0760919,-40.87792346,Tinui,50,,,,,,
175.7619953,-37.97454116,Tirau,100,,,,,,
168.3923627,-46.58967798,TiwaiPoint,5,TWI,aluminiumsmelter.,,,,
175.7702004,-38.98172616,Tokaanu,368.4,TKU,,,,,
168.9202457,-46.56835057,Tokanui,40,"ByWilk'sRoad.No""e""onthetopographicmap.",,,,,
178.3109089,-38.12337502,TokomaruBay,15,TOB,unusedconnectiontothenationalgrid,duetohighconnectioncharges.Thelocalnetworksuffices.Thelineiskeptlivetodiscouragemetalrecyclers.,,,
178.2930227,-38.37189584,TolagaBay,10,Alsoresidenceofa1MWportable(shippingcontainer)dieselgenerator.,,,,,
174.7728804,-41.29830362,Torren'sTerrace,20,ETT,number28.(EDCLimited),,,,
176.3734961,-40.12280167,Tourere,645,TOU,radio,,,,
175.7853012,-37.81117367,TowerRoad,60,,,,,,
172.6034164,-43.54141766,Transpower,10,TPC,Christchurchradio,6ShowPlacepresumably,not2481600,5742700ChurchillStreet/CambridgeTerrace.,
175.6163728,-40.35779393,Transpower,40,TPP,PalmerstonNorthradio,Ashley/FergusonStreets,,,
174.7745413,-41.28238186,Transpower,40,TPT,Wellingtonradio,96TheTerrace,,,
175.0321135,-41.13993714,Trentham,55,,,,,,
176.1875037,-37.65757228,Triton,10,,,,,,
177.1513823,-38.80536013,Tuai,266.6,TUI,,,,,
174.9572591,-37.26486598,Tuakau,40,,,,,,
172.6312687,-43.53518262,Tuam,25,AlsocalledOxfordTuam,butOxfordTerraceismuchfurtherawaytotheeastthanMontrealStreettothewest.,,,,
175.2738085,-41.3054071,Tuhitarata,25,,,,,,
175.7958011,-38.99251073,Turangi,380,,,,,,
175.6321117,-40.39437781,Turitea,40,whichmightbeconnectedtoLintonortoBunnythorpe,orboth,andwhoknowswhatelse.,,,
175.6728007,-40.43083428,Turitea,150,PNH,atthebaseoftheupperdam,"notthelower.(codePNHfrom""PalmerstonNorthMiniHydro"")DeclaredconnectedtoBunnythorpe",muchfurtheraway(indeed,beyond)Linton.,
175.6728007,-40.43083428,Turitea,150,TRT,appearstobeanothercodefortheTuritea200KWscheme(commissioned2002),thoughitmightrefertotheTuriteasubstationnorthofLinton.ItisdeclaredconnectedtoLintonanyway.,,,
170.100291,-44.27863866,Twizel,464.8,TWZ,,,,,
170.1013989,-44.2651399,Twizel,465,,,,,,
171.0354769,-42.70221717,TwoMileRoad,30,TMR,junction,possiblywherethelinecrossesTwoMileLineRoad.,,,
168.3202585,-46.34266112,Underwood,7,,,,,,
170.1177212,-43.75897006,UnwinHut,680,,,,,,
173.5161009,-41.92866149,UpcotSaddle,856,UPC,radio.Notatopanearbypeak?,,,,
175.0942327,-41.09956695,UpperHutt,94,UHT,possiblyalsoknownasAkatarawa.,,,,
171.3852027,-43.31595009,UpperRakaia,440,URK,andanadministrativetangle.ThesupplylineleavestheColeridgesubstationheadingNWtocrosstheupperRakaiaviaWoolshedHill,MtAlgidusstation,"(headingSWtowardsGlenrockstream)rivertosupplyafewfarms(onthe""Ashburton""side)",thenrecrossestosupplyafewmorenearManukaPoint.,
172.8229661,-41.02965525,UpperTakaka,104.6,UTK,,,,,
174.835015,-36.83590251,VesteyDrive,5,VST,somewherearoundhereandnotVestyDrive.,,,,
171.2535638,-44.40058828,VictoriaStreet,15,,,,,,
174.765782,-36.85157513,Victoria?,20,Somewherearound.,,,,,
174.7581898,-36.85512495,Vodafonehouse,40,KFA,21PittStreet.KiwiIncomePropertyTrust,"thusthe""K"".",,,
170.2345677,-43.24753972,Wahapo,40,WAH,,,,,
175.7492839,-37.75632281,Waharoa,50,Dairyfactorynearby,maybewithitsowngeneration.,,,,
172.7778975,-42.58681297,Waiau,310,,,,,,
174.3619658,-39.36378024,Waihapa,220,,,,,,
175.1134274,-36.7979639,Waiheke,10,"Markedas""Transformerstation""onthetopographicmap",sopossiblynotanactualsubstation.TheislandobtainspowerviaacablefromAuckland,butpossiblynotinvolvingthislocation.,,,
177.1555774,-38.93774786,Waihi,50,KWI,,,,,
175.852901,-37.40017601,Waihi,100,,,,,,
175.9318373,-37.4089026,WaihiBeach,15,,,,,,
176.1554273,-37.69625781,WaihiRoad,5,,,,,,
175.8461474,-37.38732997,WaihiTransformerHouse,90,Somewherenearby.TerminusoftheearlytransmissionlinefromHoraHorain1914.The1904CornishPumphouse(coal-fired)waskeptreadyuntil1929againstpowerfailures.,,,,,
170.0970197,-46.02983759,Waihola,20,,,,,,
173.5748488,-41.66438507,Waihopai,250,WOP,,,,,
173.5748488,-41.66438507,Waihopai,250,WHP,,,,,
173.7384938,-41.57674871,WaihopaiSpyStation,125,GCS,GovernmentCommunicationsSatellite.,,,,
175.6830483,-37.56923598,Waihou,16.9,WHU,,,,,
175.0651112,-40.874296,Waikanae,20,,,,,,
175.7745516,-37.41572383,Waikino,103,WKO,,,,,
174.8845352,-37.0373506,Waimahia,5,WMA,someweherearound,possiblydefunct.,,,
171.7571983,-41.71813006,Waimangaroa,18.7,WMG,,,,,
174.1287275,-39.53156607,Waimate,95,,,,,,
174.9412115,-41.25975801,Wainuiomata,90,STR,offTheStrand.Anotherbrightchoiceofcode.,,,,
177.1921126,-38.02525005,Waiotahi,11,WAI,,,,,
175.8317708,-38.9795411,Waiotaka,375,inashippingcontainer,itappears.,,,,
175.6701261,-39.48238574,Waiouru,810,,,,,,
176.270616,-38.18266343,Waipatimbermill,330,FCW,previouslyFletcherChallengeWoodmill,nowRedStag.Somewherearound.,,,
173.9157393,-35.20688913,Waipapa,85,,,,,,
175.6833816,-38.29166687,Waipapa,121.5,WPA,notWaiparanorWaipawa.,,,,
172.7560857,-43.05191033,Waipara,85.7,WPR,notWaipapanorWaipawa.,,,,
172.7588488,-43.05465283,Waipara,85,,,,,,
172.7545571,-43.05052072,WaiparaJunction,85,WTT,,,,,
176.4469526,-39.91870284,Waipawa,183.3,WPW,notWaipapanorWaipara.Wellaway:nearesthamletisOngaonga.,,,,
170.1648159,-45.18768121,Waipiata,360,,,,,,
169.9857323,-45.90577528,Waipori,170,WPI,suppliesthelocalarea,a110KVlinetoBerwick,andthree(!)secret33KVlinestoHalfwayBush.Meteringisuncertain.Alsoisencoding:WPGandWAPhavebeenaffirmed.,,
169.9857323,-45.90577528,Waipori,170,WPG,codeusedwhenWPIisforgotten.,,,,
169.9857323,-45.90577528,Waipori,170,WPV,village,presumablyWaiporiFalls.,,,
176.5466747,-39.99111185,Waipukurau,130,,,,,,
176.1054389,-38.62571063,Wairakei,342,WRK,tobeusedfortheTeMihipowerstationwithcodeTHI,sinceTMIisusedforTeMatai.,,,
176.259814,-38.89010684,Wairango,935,WRO,radio,,,,
173.2241612,-41.64828845,Wairau,320,WAU,withArgyletheBranchRiverscheme.,,,,
174.7468861,-36.78063714,WairauRoad,10,WRU,,,,,
175.0082399,-38.53158443,Wairere,105,WRR,,,,,
177.4063252,-38.99683536,Wairoa,14.7,WRA,possiblyoncecalledFrasertown,codeFTN.NottheWairoaDam,faraway.OnPaeroaStockRoad,farfromPaeroa.,
175.1196807,-37.10386454,WairoaDam,270,WWD,"partofthewatersupplyforAucklandthus""WatercareWairoaDam""or""WairoaWatercareDam"".Not""Westwind""",theMakaraWindFarm.,,,
174.0675889,-35.75749059,Wairua,18,WHY,,,,,
170.6873146,-42.9740652,Waitaha,13.2,WTH,,,,,
174.5553083,-36.89230243,Waitakere,160,WWR,partofthewatersupplysystem.Possiblyhere.,,,,
170.4290267,-44.69210547,Waitaki,223.5,WTK,,,,,
174.2499883,-39.03248789,Waitara,70,Bythemethanolplant.,,,,,
174.2571055,-39.00850424,WaitaraEast,46,,,,,,
174.2396527,-39.00140403,WaitaraWest,10,,,,,,
170.5762802,-45.75134741,Waitati,5,,,,,,
175.175013,-38.33959256,Waitete,55,,,,,,
175.6284382,-37.59971185,Waitoa,20,servesthedairyfactoryonlyandtakesexcesspowerfromthefactory'sco-generation.,,,,,
171.8282466,-43.96938229,Wakanui,52,WNU,,,,,
175.715789,-37.71634792,Walton,40,,,,,,
169.1469654,-44.70136368,Wanaka,330,WAN,,,,,
175.1186248,-39.93821677,Wanganui,114.4,WGN,inthefields.,,,,
175.0788003,-39.91714313,WanganuiEast,18,,,,,,
170.5139492,-45.87413806,WardStreet,5,,,,,,
174.9204088,-41.21349504,Waterloo,5,,,,,,
174.6354599,-39.75410545,Waverley,90,WVY,,,,,
176.8781032,-39.52696145,WaverleyRoad,5,,,,,,
172.3952326,-43.55419476,Weedon's,68,NearRedgortonbutonWeedon'sRoad.,,,,,
175.2785635,-37.78281931,WELHouse,50,NWH,711VictoriaStreet(NewZealandAirwaysLimited),,,,
176.1751893,-37.73593283,WelcomeBay,45,,,,,,
174.782567,-41.30981818,WellingtonHospital,40,WHO,dieselemergencypowersupply,somewherenearby.,,,
174.5132955,-36.28506074,Wellsford,61.7,WEL,,,,,
175.1475876,-37.56641567,WesternRoad,18.6,WES,lastgaspFriday23/12/2005,asfarasgriddataareconcernedbutnon-zeroreactivedatacontinuedto23/8/2008.Stillherein2011.,,,
175.1475876,-37.56641567,WesternRoad,18.6,WET,possiblyhere,orrather,onbothsides.,,
170.9167134,-45.069024,Weston,100,SinceOctober2007.Thepart-completebutpaused(2011)WestoncementplantSEwillhaveitsownsubstation.,,,,,
171.5086533,-41.75198982,Westport,7.9,WPT,nearacementworks,CapeFoulwind,wellwestofWestportandpossiblynotsupplyingit.,,
170.0054616,-45.04919312,WetherBurn,510,BytheriversouthofWedderburnvillage.,,,,,
175.8002891,-38.42096921,Whakamaru,230,WKR,radio,,,,
175.8000205,-38.41912782,Whakamaru,232.8,WKM,,,,,
175.8025136,-38.41929128,WhakamaruNorth,232.8,WHN,totheeastofWhakamaru.,,,,
176.8813071,-39.60650558,Whakatu,6.8,WTU,,,,,
175.8549084,-37.22736447,Whangamata,15,,,,,,
174.3036375,-35.736437,Whangarei,50,WGR,hospitaldieselbackuppower,somewherenearby.,,,
173.2606689,-35.09035089,Whangatane,10,CalledNPLasthemaincustomer(~75percent)isNorthernPulpLimited.,,,,,
175.614546,-38.2348661,Wharepuhunga,588,WPH,radio,,,,
174.301969,-39.6072056,Whareroa,80,WAA,somewherenearby:dairyfactory.MightbemiscodedasWHA,whichisforWahianoa.,,,
176.072746,-38.72785242,Wharewaka,370,WWK,somewherearound,andnottheshedontheWellingtonwaterfront.,,,
170.3530156,-43.27731586,Whataroa,65,WAT,,,,,
175.1559403,-37.80226749,Whatawhata,20,Somewherenearby.,,,,,
176.5781718,-38.63382418,Wheao,400,WEO,downcanalfromFlaxy.Canalfailuredestroyedthepowerhouseonthe30'thDecember1982,justbeforeithadbeenfinished.,,,
176.5781718,-38.63382418,Wheao,400,WHE,anothercodeforusewhenWEObecomesboring.,,,,
176.8868421,-39.38227754,Whirinaki,10,WHI,,,,,
168.2493882,-45.73608174,WhiteHill,600,WHL,windfarm,scatteredaround.,,,
169.96557,-45.04803008,WhiteSowValley,530,Possiblyatthelinejunction.,,,,,
174.9924401,-36.93589174,Whitford,40,WHT,landfillgas,somewherearound,possiblynearhere.Suppliesthe11KVnetwork.,,
175.6732135,-36.83176197,Whitianga,5,,,,,,
172.5466858,-43.54971429,Wigram,20,WGA,somewherearound,possiblyapartoftheaerodrome.,,,
170.5142365,-45.85767366,Willowbank,30,,,,,,
174.7598185,-41.25864946,Wilton,218,WIL,mainexpanse.,,,,
174.7597969,-41.25783921,WiltonNorth,218,WILn,northshed.,,,,
174.7591435,-41.26019083,WiltonSouth,218,WILs,southexpanse.,,,,
171.6581097,-43.95309141,Winslow,85,WSL,presumablynearhere,but,nosignofanysubstationortransformernearby!,,
168.3039898,-46.14338663,Winton,48.4,WTN,,,,,
174.8845853,-36.9878127,Wiri,35.6,WIR,acrossthemotorwayfromtheWirijunctions,codeWRT.,,,
174.8857928,-36.98717872,WiriNorth,36,WIR,junction.,,,,
174.8860889,-36.98774138,WiriSouth,36,WIR,junction.,,,,
175.8560316,-40.31547623,Woodville,109,WDV,,,,,
172.6817622,-43.5604267,Woolston,5,TractionsubstationwithtworotaryACtoDCconvertorsforthe1,500voltsDCsupplyfortherailwaytoLyttelton.,,,,
168.7592784,-45.13884196,WyeCreek,340,WYE,,,,,
